feature,feature_status,canonical_feature,tp_item
F-BIT-001,ACTIVE,F-BIT-001,TP-BIT-001
F-BIT-001,ACTIVE,F-BIT-001,TP-BIT-041
F-BIT-001,ACTIVE,F-BIT-001,TP-REG-015
F-BIT-002,ACTIVE,F-BIT-002,TP-BIT-002
F-BIT-002,ACTIVE,F-BIT-002,TP-BIT-041
F-BIT-003,ACTIVE,F-BIT-003,TP-BIT-003
F-BIT-004,ACTIVE,F-BIT-004,TP-BIT-004
F-BIT-004,ACTIVE,F-BIT-004,TP-BIT-041
F-BIT-005,ACTIVE,F-BIT-005,TP-ADOPT-006
F-BIT-005,ACTIVE,F-BIT-005,TP-BIT-005
F-BIT-005,ACTIVE,F-BIT-005,TP-BIT-041
F-BIT-006,ACTIVE,F-BIT-006,TP-ADOPT-006
F-BIT-006,ACTIVE,F-BIT-006,TP-BIT-006
F-BIT-007,ACTIVE,F-BIT-007,TP-BIT-007
F-BIT-007,ACTIVE,F-BIT-007,TP-BIT-041
F-BIT-008,ACTIVE,F-BIT-008,TP-BIT-008
F-BIT-009,ACTIVE,F-BIT-009,TP-BIT-009
F-BIT-009,ACTIVE,F-BIT-009,TP-BIT-041
F-BIT-010,ACTIVE,F-BIT-010,TP-BIT-010
F-BIT-010,ACTIVE,F-BIT-010,TP-BIT-041
F-BIT-011,ACTIVE,F-BIT-011,TP-BIT-011
F-BIT-011,ACTIVE,F-BIT-011,TP-BIT-041
F-BIT-012,ACTIVE,F-BIT-012,TP-BIT-012
F-BIT-012,ACTIVE,F-BIT-012,TP-BIT-041
F-BIT-012,ACTIVE,F-BIT-012,TP-BIT-042
F-BIT-013,ACTIVE,F-BIT-013,TP-BIT-013
F-BIT-014,ACTIVE,F-BIT-014,TP-BIT-014
F-BIT-014,ACTIVE,F-BIT-014,TP-BIT-041
F-BIT-015,ACTIVE,F-BIT-015,TP-BIT-015
F-BIT-015,ACTIVE,F-BIT-015,TP-BIT-041
F-BIT-016,ACTIVE,F-BIT-016,TP-BIT-016
F-BIT-016,ACTIVE,F-BIT-016,TP-BIT-041
F-BIT-017,ACTIVE,F-BIT-017,TP-BIT-017
F-BIT-017,ACTIVE,F-BIT-017,TP-BIT-041
F-BIT-018,ACTIVE,F-BIT-018,TP-BIT-018
F-BIT-018,ACTIVE,F-BIT-018,TP-BIT-041
F-BIT-019,ACTIVE,F-BIT-019,TP-BIT-019
F-BIT-020,ACTIVE,F-BIT-020,TP-BIT-020
F-BIT-020,ACTIVE,F-BIT-020,TP-BIT-041
F-BIT-021,ACTIVE,F-BIT-021,TP-BIT-021
F-BIT-022,ACTIVE,F-BIT-022,TP-BIT-022
F-BIT-022,ACTIVE,F-BIT-022,TP-BIT-041
F-BIT-023,ACTIVE,F-BIT-023,TP-BIT-023
F-BIT-024,ACTIVE,F-BIT-024,TP-BIT-024
F-BIT-024,ACTIVE,F-BIT-024,TP-BIT-041
F-BIT-025,ACTIVE,F-BIT-025,TP-BIT-025
F-BIT-025,ACTIVE,F-BIT-025,TP-BIT-041
F-BIT-026,ACTIVE,F-BIT-026,TP-BIT-026
F-BIT-027,ACTIVE,F-BIT-027,TP-BIT-027
F-BIT-027,ACTIVE,F-BIT-027,TP-BIT-041
F-BIT-027,ACTIVE,F-BIT-027,TP-BIT-042
F-BIT-028,ACTIVE,F-BIT-028,TP-BIT-028
F-BIT-028,ACTIVE,F-BIT-028,TP-BIT-041
F-BIT-028,ACTIVE,F-BIT-028,TP-BIT-042
F-BIT-029,ACTIVE,F-BIT-029,TP-BIT-029
F-BIT-030,ACTIVE,F-BIT-030,TP-BIT-030
F-BIT-030,ACTIVE,F-BIT-030,TP-BIT-041
F-BIT-031,ACTIVE,F-BIT-031,TP-BIT-031
F-BIT-032,ACTIVE,F-BIT-032,TP-BIT-032
F-BIT-032,ACTIVE,F-BIT-032,TP-BIT-041
F-BIT-032,ACTIVE,F-BIT-032,TP-BIT-042
F-BIT-033,ACTIVE,F-BIT-033,TP-BIT-033
F-BIT-034,FOLDED,F-BIT-001,TP-BIT-034
F-BIT-035,FOLDED,F-BIT-001,TP-BIT-035
F-BIT-036,ALIAS,F-MUL-023,TP-BIT-036
F-BIT-036,ALIAS,F-MUL-023,TP-BIT-042
F-BIT-037,ACTIVE,F-BIT-037,TP-BIT-037
F-BIT-038,ACTIVE,F-BIT-038,TP-BIT-038
F-BIT-038,ACTIVE,F-BIT-038,TP-BIT-041
F-BIT-039,ACTIVE,F-BIT-039,TP-ADOPT-001
F-BIT-039,ACTIVE,F-BIT-039,TP-BIT-039
F-BIT-039,ACTIVE,F-BIT-039,TP-BIT-042
F-BIT-040,ALIAS,F-CSR-021,TP-BIT-040
F-BIT-041,ACTIVE,F-BIT-041,TP-BIT-043
F-BTALU-001,ACTIVE,F-BTALU-001,TP-ADOPT-002
F-BTALU-001,ACTIVE,F-BTALU-001,TP-BTALU-001
F-BTALU-001,ACTIVE,F-BTALU-001,TP-BTALU-017
F-BTALU-002,ACTIVE,F-BTALU-002,TP-BTALU-002
F-BTALU-002,ACTIVE,F-BTALU-002,TP-BTALU-017
F-BTALU-003,ACTIVE,F-BTALU-003,TP-ADOPT-004
F-BTALU-003,ACTIVE,F-BTALU-003,TP-BTALU-003
F-BTALU-003,ACTIVE,F-BTALU-003,TP-BTALU-017
F-BTALU-004,FOLDED,F-BTALU-002,TP-BTALU-004
F-BTALU-005,FOLDED,F-BTALU-001,TP-ADOPT-002
F-BTALU-005,FOLDED,F-BTALU-001,TP-BTALU-005
F-BTALU-005,FOLDED,F-BTALU-001,TP-BTALU-017
F-BTALU-006,ALIAS,F-DIT-002,TP-BTALU-006
F-BTALU-006,ALIAS,F-DIT-002,TP-BTALU-016
F-BTALU-007,FOLDED,F-BTALU-003,TP-BTALU-007
F-BTALU-007,FOLDED,F-BTALU-003,TP-BTALU-017
F-BTALU-008,ACTIVE,F-BTALU-008,TP-BTALU-008
F-BTALU-009,FOLDED,F-BTALU-001,TP-BTALU-009
F-BTALU-009,FOLDED,F-BTALU-001,TP-BTALU-017
F-BTALU-010,ACTIVE,F-BTALU-010,TP-BTALU-010
F-BTALU-010,ACTIVE,F-BTALU-010,TP-BTALU-017
F-BTALU-010,ACTIVE,F-BTALU-010,TP-XIF-005
F-BTALU-011,ACTIVE,F-BTALU-011,TP-BTALU-011
F-BTALU-011,ACTIVE,F-BTALU-011,TP-BTALU-017
F-BTALU-011,ACTIVE,F-BTALU-011,TP-BTALU-018
F-BTALU-012,FOLDED,F-ISA-030,TP-BTALU-012
F-BTALU-013,ACTIVE,F-BTALU-013,TP-ADOPT-001
F-BTALU-013,ACTIVE,F-BTALU-013,TP-BTALU-013
F-BTALU-013,ACTIVE,F-BTALU-013,TP-BTALU-017
F-BTALU-014,ACTIVE,F-BTALU-014,TP-BTALU-014
F-BTALU-014,ACTIVE,F-BTALU-014,TP-BTALU-017
F-BTALU-015,ALIAS,F-PMC-040,TP-BTALU-015
F-BTALU-015,ALIAS,F-PMC-040,TP-BTALU-016
F-BTALU-016,ALIAS,F-PMC-039,TP-BTALU-018
F-CHERI-001,ACTIVE,F-CHERI-001,TP-CHERI-001
F-CHERI-001,ACTIVE,F-CHERI-001,TP-CHERI-002
F-CHERI-001,ACTIVE,F-CHERI-001,TP-CHERI-003
F-CHERI-001,ACTIVE,F-CHERI-001,TP-CHERI-004
F-CMP-001,ACTIVE,F-CMP-001,TP-CMP-001
F-CMP-001,ACTIVE,F-CMP-001,TP-CMP-070
F-CMP-001,ACTIVE,F-CMP-001,TP-REG-015
F-CMP-002,ACTIVE,F-CMP-002,TP-ADOPT-005
F-CMP-002,ACTIVE,F-CMP-002,TP-CMP-002
F-CMP-002,ACTIVE,F-CMP-002,TP-CMP-070
F-CMP-003,ACTIVE,F-CMP-003,TP-CMP-003
F-CMP-004,ACTIVE,F-CMP-004,TP-ADOPT-005
F-CMP-004,ACTIVE,F-CMP-004,TP-CMP-004
F-CMP-004,ACTIVE,F-CMP-004,TP-CMP-070
F-CMP-005,ACTIVE,F-CMP-005,TP-CMP-005
F-CMP-005,ACTIVE,F-CMP-005,TP-CMP-070
F-CMP-006,ACTIVE,F-CMP-006,TP-CMP-006
F-CMP-007,ACTIVE,F-CMP-007,TP-CMP-007
F-CMP-008,ACTIVE,F-CMP-008,TP-CMP-008
F-CMP-008,ACTIVE,F-CMP-008,TP-CMP-070
F-CMP-009,ACTIVE,F-CMP-009,TP-CMP-009
F-CMP-010,ACTIVE,F-CMP-010,TP-CMP-010
F-CMP-010,ACTIVE,F-CMP-010,TP-CMP-070
F-CMP-011,ACTIVE,F-CMP-011,TP-CMP-011
F-CMP-012,ACTIVE,F-CMP-012,TP-CMP-012
F-CMP-012,ACTIVE,F-CMP-012,TP-CMP-070
F-CMP-013,ACTIVE,F-CMP-013,TP-CMP-013
F-CMP-014,ACTIVE,F-CMP-014,TP-CMP-014
F-CMP-014,ACTIVE,F-CMP-014,TP-CMP-070
F-CMP-015,ACTIVE,F-CMP-015,TP-CMP-015
F-CMP-016,ACTIVE,F-CMP-016,TP-CMP-016
F-CMP-016,ACTIVE,F-CMP-016,TP-CMP-070
F-CMP-017,ACTIVE,F-CMP-017,TP-CMP-017
F-CMP-018,ACTIVE,F-CMP-018,TP-ADOPT-005
F-CMP-018,ACTIVE,F-CMP-018,TP-CMP-018
F-CMP-018,ACTIVE,F-CMP-018,TP-CMP-070
F-CMP-019,ACTIVE,F-CMP-019,TP-CMP-019
F-CMP-020,ACTIVE,F-CMP-020,TP-ADOPT-005
F-CMP-020,ACTIVE,F-CMP-020,TP-CMP-020
F-CMP-020,ACTIVE,F-CMP-020,TP-CMP-070
F-CMP-021,ACTIVE,F-CMP-021,TP-ADOPT-005
F-CMP-021,ACTIVE,F-CMP-021,TP-CMP-021
F-CMP-021,ACTIVE,F-CMP-021,TP-CMP-070
F-CMP-022,ACTIVE,F-CMP-022,TP-CMP-022
F-CMP-023,ACTIVE,F-CMP-023,TP-ADOPT-005
F-CMP-023,ACTIVE,F-CMP-023,TP-CMP-023
F-CMP-023,ACTIVE,F-CMP-023,TP-CMP-070
F-CMP-024,ACTIVE,F-CMP-024,TP-CMP-024
F-CMP-024,ACTIVE,F-CMP-024,TP-CMP-070
F-CMP-025,ACTIVE,F-CMP-025,TP-CMP-025
F-CMP-026,ACTIVE,F-CMP-026,TP-CMP-026
F-CMP-026,ACTIVE,F-CMP-026,TP-CMP-070
F-CMP-027,ACTIVE,F-CMP-027,TP-CMP-027
F-CMP-028,ACTIVE,F-CMP-028,TP-CMP-028
F-CMP-028,ACTIVE,F-CMP-028,TP-CMP-070
F-CMP-029,ACTIVE,F-CMP-029,TP-CMP-029
F-CMP-030,ACTIVE,F-CMP-030,TP-CMP-030
F-CMP-030,ACTIVE,F-CMP-030,TP-CMP-070
F-CMP-031,ACTIVE,F-CMP-031,TP-CMP-031
F-CMP-032,ACTIVE,F-CMP-032,TP-CMP-032
F-CMP-032,ACTIVE,F-CMP-032,TP-CMP-070
F-CMP-033,ALIAS,F-ISA-034,TP-CMP-033
F-CMP-034,ACTIVE,F-CMP-034,TP-ADOPT-005
F-CMP-034,ACTIVE,F-CMP-034,TP-CMP-034
F-CMP-034,ACTIVE,F-CMP-034,TP-CMP-070
F-CMP-035,ACTIVE,F-CMP-035,TP-CMP-035
F-CMP-036,ACTIVE,F-CMP-036,TP-ADOPT-005
F-CMP-036,ACTIVE,F-CMP-036,TP-CMP-036
F-CMP-036,ACTIVE,F-CMP-036,TP-CMP-070
F-CMP-037,ACTIVE,F-CMP-037,TP-CMP-037
F-CMP-038,ACTIVE,F-CMP-038,TP-CMP-038
F-CMP-038,ACTIVE,F-CMP-038,TP-CMP-070
F-CMP-039,ACTIVE,F-CMP-039,TP-CMP-039
F-CMP-039,ACTIVE,F-CMP-039,TP-CMP-071
F-CMP-039,ACTIVE,F-CMP-039,TP-REG-015
F-CMP-040,ACTIVE,F-CMP-040,TP-CMP-040
F-CMP-041,ACTIVE,F-CMP-041,TP-CMP-041
F-CMP-042,FOLDED,F-CMP-039,TP-CMP-042
F-CMP-043,FOLDED,F-CMP-039,TP-CMP-043
F-CMP-044,ACTIVE,F-CMP-044,TP-CMP-044
F-CMP-045,ACTIVE,F-CMP-045,TP-CMP-045
F-CMP-045,ACTIVE,F-CMP-045,TP-CMP-071
F-CMP-046,FOLDED,F-CMP-045,TP-CMP-046
F-CMP-047,ACTIVE,F-CMP-047,TP-CMP-047
F-CMP-047,ACTIVE,F-CMP-047,TP-CMP-071
F-CMP-048,ACTIVE,F-CMP-048,TP-CMP-048
F-CMP-048,ACTIVE,F-CMP-048,TP-CMP-071
F-CMP-049,ACTIVE,F-CMP-049,TP-CMP-049
F-CMP-050,ACTIVE,F-CMP-050,TP-CMP-050
F-CMP-050,ACTIVE,F-CMP-050,TP-CMP-071
F-CMP-051,ACTIVE,F-CMP-051,TP-CMP-051
F-CMP-052,ACTIVE,F-CMP-052,TP-CMP-052
F-CMP-052,ACTIVE,F-CMP-052,TP-CMP-071
F-CMP-053,FOLDED,F-CMP-052,TP-CMP-053
F-CMP-054,ACTIVE,F-CMP-054,TP-CMP-054
F-CMP-055,ACTIVE,F-CMP-055,TP-CMP-055
F-CMP-056,ACTIVE,F-CMP-056,TP-CMP-056
F-CMP-056,ACTIVE,F-CMP-056,TP-CMP-071
F-CMP-056,ACTIVE,F-CMP-056,TP-REG-025
F-CMP-056,ACTIVE,F-CMP-056,TP-XIF-011
F-CMP-057,ACTIVE,F-CMP-057,TP-CMP-057
F-CMP-057,ACTIVE,F-CMP-057,TP-CMP-071
F-CMP-057,ACTIVE,F-CMP-057,TP-REG-025
F-CMP-057,ACTIVE,F-CMP-057,TP-XIF-011
F-CMP-058,ACTIVE,F-CMP-058,TP-CMP-058
F-CMP-058,ACTIVE,F-CMP-058,TP-CMP-071
F-CMP-058,ACTIVE,F-CMP-058,TP-XIF-011
F-CMP-059,ACTIVE,F-CMP-059,TP-CMP-059
F-CMP-059,ACTIVE,F-CMP-059,TP-CMP-071
F-CMP-059,ACTIVE,F-CMP-059,TP-XIF-012
F-CMP-060,ACTIVE,F-CMP-060,TP-CMP-060
F-CMP-060,ACTIVE,F-CMP-060,TP-CMP-061
F-CMP-060,ACTIVE,F-CMP-060,TP-CMP-071
F-CMP-060,ACTIVE,F-CMP-060,TP-XIF-013
F-CMP-061,ACTIVE,F-CMP-061,TP-CMP-062
F-CMP-061,ACTIVE,F-CMP-061,TP-CMP-071
F-CMP-061,ACTIVE,F-CMP-061,TP-XIF-013
F-CMP-062,ACTIVE,F-CMP-062,TP-CMP-063
F-CMP-063,FOLDED,F-CMP-039,TP-CMP-064
F-CMP-063,FOLDED,F-CMP-039,TP-CMP-071
F-CMP-063,FOLDED,F-CMP-039,TP-XIF-013
F-CMP-064,ACTIVE,F-CMP-064,TP-CMP-065
F-CMP-065,FOLDED,F-CMP-039,TP-CMP-066
F-CMP-065,FOLDED,F-CMP-039,TP-CMP-071
F-CMP-066,FOLDED,F-EXC-008,TP-CMP-067
F-CMP-067,ACTIVE,F-CMP-067,TP-CMP-068
F-CMP-068,ACTIVE,F-CMP-068,TP-ADOPT-001
F-CMP-068,ACTIVE,F-CMP-068,TP-CMP-069
F-CMP-068,ACTIVE,F-CMP-068,TP-CMP-071
F-CMP-069,ACTIVE,F-CMP-069,TP-CMP-072
F-CMP-070,ACTIVE,F-CMP-070,TP-CMP-073
F-CSR-001,ACTIVE,F-CSR-001,TP-CSR-001
F-CSR-001,ACTIVE,F-CSR-001,TP-CSR-116
F-CSR-001,ACTIVE,F-CSR-001,TP-REG-015
F-CSR-002,ACTIVE,F-CSR-002,TP-CSR-002
F-CSR-003,ACTIVE,F-CSR-003,TP-CSR-003
F-CSR-004,FOLDED,F-CSR-001,TP-CSR-004
F-CSR-005,ACTIVE,F-CSR-005,TP-CSR-005
F-CSR-006,ACTIVE,F-CSR-006,TP-CSR-006
F-CSR-006,ACTIVE,F-CSR-006,TP-CSR-115
F-CSR-006,ACTIVE,F-CSR-006,TP-CSR-116
F-CSR-006,ACTIVE,F-CSR-006,TP-XIF-010
F-CSR-006,ACTIVE,F-CSR-006,TP-XIF-014
F-CSR-006,ACTIVE,F-CSR-006,TP-XIF-019
F-CSR-007,FOLDED,F-CSR-006,TP-CSR-007
F-CSR-007,FOLDED,F-CSR-006,TP-XIF-014
F-CSR-008,ACTIVE,F-CSR-008,TP-CSR-008
F-CSR-008,ACTIVE,F-CSR-008,TP-XIF-010
F-CSR-008,ACTIVE,F-CSR-008,TP-XIF-014
F-CSR-009,ACTIVE,F-CSR-009,TP-CSR-009
F-CSR-009,ACTIVE,F-CSR-009,TP-CSR-112
F-CSR-009,ACTIVE,F-CSR-009,TP-CSR-116
F-CSR-010,FOLDED,F-CSR-009,TP-CSR-010
F-CSR-010,FOLDED,F-CSR-009,TP-CSR-112
F-CSR-011,ACTIVE,F-CSR-011,TP-CSR-011
F-CSR-011,ACTIVE,F-CSR-011,TP-CSR-111
F-CSR-011,ACTIVE,F-CSR-011,TP-CSR-116
F-CSR-012,ALIAS,F-CSR-002,TP-CSR-012
F-CSR-013,ALIAS,F-CSR-003,TP-CSR-013
F-CSR-013,ALIAS,F-CSR-003,TP-CSR-111
F-CSR-014,ACTIVE,F-CSR-014,TP-CSR-014
F-CSR-014,ACTIVE,F-CSR-014,TP-CSR-110
F-CSR-014,ACTIVE,F-CSR-014,TP-CSR-117
F-CSR-014,ACTIVE,F-CSR-014,TP-XIF-020
F-CSR-015,FOLDED,F-CSR-014,TP-CSR-015
F-CSR-015,FOLDED,F-CSR-014,TP-CSR-110
F-CSR-016,ACTIVE,F-CSR-016,TP-CSR-016
F-CSR-016,ACTIVE,F-CSR-016,TP-CSR-112
F-CSR-017,ALIAS,F-DBG-050,TP-CSR-017
F-CSR-017,ALIAS,F-DBG-050,TP-CSR-110
F-CSR-017,ALIAS,F-DBG-050,TP-CSR-118
F-CSR-018,ACTIVE,F-CSR-018,TP-CSR-018
F-CSR-019,ACTIVE,F-CSR-019,TP-CSR-019
F-CSR-019,ACTIVE,F-CSR-019,TP-CSR-105
F-CSR-020,ACTIVE,F-CSR-020,TP-CSR-020
F-CSR-021,ACTIVE,F-CSR-021,TP-CSR-021
F-CSR-021,ACTIVE,F-CSR-021,TP-CSR-105
F-CSR-022,FOLDED,F-CSR-021,TP-CSR-022
F-CSR-023,ACTIVE,F-CSR-023,TP-CSR-023
F-CSR-023,ACTIVE,F-CSR-023,TP-CSR-105
F-CSR-024,ACTIVE,F-CSR-024,TP-CSR-024
F-CSR-024,ACTIVE,F-CSR-024,TP-PMP-075
F-CSR-025,FOLDED,F-CSR-023,TP-CSR-025
F-CSR-026,ACTIVE,F-CSR-026,TP-CSR-026
F-CSR-026,ACTIVE,F-CSR-026,TP-CSR-119
F-CSR-026,ACTIVE,F-CSR-026,TP-XIF-014
F-CSR-027,ACTIVE,F-CSR-027,TP-CSR-027
F-CSR-027,ACTIVE,F-CSR-027,TP-CSR-105
F-CSR-028,ACTIVE,F-CSR-028,TP-CSR-028
F-CSR-028,ACTIVE,F-CSR-028,TP-CSR-105
F-CSR-029,ACTIVE,F-CSR-029,TP-CSR-029
F-CSR-029,ACTIVE,F-CSR-029,TP-CSR-105
F-CSR-030,FOLDED,F-CSR-029,TP-CSR-030
F-CSR-031,ACTIVE,F-CSR-031,TP-CSR-031
F-CSR-031,ACTIVE,F-CSR-031,TP-CSR-119
F-CSR-031,ACTIVE,F-CSR-031,TP-XIF-014
F-CSR-032,ACTIVE,F-CSR-032,TP-CSR-032
F-CSR-032,ACTIVE,F-CSR-032,TP-CSR-106
F-CSR-032,ACTIVE,F-CSR-032,TP-CSR-119
F-CSR-033,ACTIVE,F-CSR-033,TP-CSR-033
F-CSR-033,ACTIVE,F-CSR-033,TP-XIF-014
F-CSR-034,ACTIVE,F-CSR-034,TP-CSR-034
F-CSR-034,ACTIVE,F-CSR-034,TP-CSR-114
F-CSR-034,ACTIVE,F-CSR-034,TP-CSR-119
F-CSR-035,ACTIVE,F-CSR-035,TP-CSR-035
F-CSR-035,ACTIVE,F-CSR-035,TP-CSR-105
F-CSR-036,FOLDED,F-CSR-035,TP-CSR-036
F-CSR-037,FOLDED,F-CSR-035,TP-CSR-037
F-CSR-038,ACTIVE,F-CSR-038,TP-CSR-038
F-CSR-038,ACTIVE,F-CSR-038,TP-CSR-106
F-CSR-039,ACTIVE,F-CSR-039,TP-CSR-039
F-CSR-039,ACTIVE,F-CSR-039,TP-CSR-106
F-CSR-040,FOLDED,F-CSR-039,TP-CSR-040
F-CSR-041,ACTIVE,F-CSR-041,TP-CSR-041
F-CSR-042,ACTIVE,F-CSR-042,TP-CSR-042
F-CSR-042,ACTIVE,F-CSR-042,TP-CSR-106
F-CSR-043,FOLDED,F-CSR-042,TP-CSR-043
F-CSR-044,FOLDED,F-CSR-042,TP-CSR-044
F-CSR-045,FOLDED,F-CSR-042,TP-CSR-045
F-CSR-046,FOLDED,F-CSR-042,TP-CSR-046
F-CSR-047,ACTIVE,F-CSR-047,TP-CSR-047
F-CSR-047,ACTIVE,F-CSR-047,TP-CSR-106
F-CSR-048,FOLDED,F-CSR-047,TP-CSR-048
F-CSR-049,FOLDED,F-CSR-047,TP-CSR-049
F-CSR-050,ALIAS,F-PMC-025,TP-CSR-050
F-CSR-050,ALIAS,F-PMC-025,TP-CSR-105
F-CSR-051,FOLDED,F-PMC-025,TP-CSR-051
F-CSR-052,FOLDED,F-PMC-025,TP-CSR-052
F-CSR-053,ACTIVE,F-CSR-053,TP-CSR-053
F-CSR-053,ACTIVE,F-CSR-053,TP-CSR-117
F-CSR-054,FOLDED,F-CSR-053,TP-CSR-054
F-CSR-054,FOLDED,F-CSR-053,TP-CSR-117
F-CSR-055,ACTIVE,F-CSR-055,TP-CSR-055
F-CSR-056,ACTIVE,F-CSR-056,TP-CSR-056
F-CSR-057,FOLDED,F-CSR-011,TP-CSR-057
F-CSR-057,FOLDED,F-CSR-011,TP-CSR-111
F-CSR-058,ALIAS,F-PMC-020,TP-CSR-058
F-CSR-058,ALIAS,F-PMC-020,TP-CSR-107
F-CSR-059,FOLDED,F-PMC-020,TP-CSR-059
F-CSR-060,ACTIVE,F-CSR-060,TP-CSR-060
F-CSR-060,ACTIVE,F-CSR-060,TP-CSR-068
F-CSR-061,ALIAS,F-PMC-018,TP-CSR-061
F-CSR-061,ALIAS,F-PMC-018,TP-CSR-107
F-CSR-062,ALIAS,F-PMC-001,TP-CSR-062
F-CSR-062,ALIAS,F-PMC-001,TP-CSR-107
F-CSR-062,ALIAS,F-PMC-001,TP-CSR-120
F-CSR-063,ALIAS,F-PMC-004,TP-CSR-063
F-CSR-063,ALIAS,F-PMC-004,TP-CSR-113
F-CSR-063,ALIAS,F-PMC-004,TP-CSR-119
F-CSR-064,ALIAS,F-PMC-005,TP-CSR-064
F-CSR-065,ACTIVE,F-CSR-065,TP-CSR-065
F-CSR-065,ACTIVE,F-CSR-065,TP-CSR-113
F-CSR-066,ALIAS,F-PMC-007,TP-CSR-066
F-CSR-066,ALIAS,F-PMC-007,TP-CSR-107
F-CSR-066,ALIAS,F-PMC-007,TP-CSR-120
F-CSR-067,FOLDED,F-PMC-007,TP-CSR-067
F-CSR-067,FOLDED,F-PMC-007,TP-CSR-113
F-CSR-068,ALIAS,F-PMC-009,TP-CSR-068
F-CSR-069,ALIAS,F-PMC-015,TP-CSR-069
F-CSR-069,ALIAS,F-PMC-015,TP-CSR-107
F-CSR-069,ALIAS,F-PMC-015,TP-CSR-120
F-CSR-070,ALIAS,F-PMC-016,TP-CSR-070
F-CSR-070,ALIAS,F-PMC-016,TP-CSR-120
F-CSR-071,ACTIVE,F-CSR-071,TP-CSR-071
F-CSR-072,FOLDED,F-PMC-007,TP-CSR-072
F-CSR-073,ACTIVE,F-CSR-073,TP-CSR-073
F-CSR-073,ACTIVE,F-CSR-073,TP-CSR-113
F-CSR-074,ALIAS,F-DBG-012,TP-CSR-074
F-CSR-074,ALIAS,F-DBG-012,TP-CSR-108
F-CSR-074,ALIAS,F-DBG-012,TP-CSR-118
F-CSR-075,FOLDED,F-DBG-012,TP-CSR-075
F-CSR-076,ALIAS,F-DBG-016,TP-CSR-076
F-CSR-077,ALIAS,F-DBG-013,TP-CSR-077
F-CSR-078,ACTIVE,F-CSR-078,TP-CSR-078
F-CSR-078,ACTIVE,F-CSR-078,TP-CSR-108
F-CSR-079,ACTIVE,F-CSR-079,TP-CSR-079
F-CSR-079,ACTIVE,F-CSR-079,TP-CSR-108
F-CSR-080,ACTIVE,F-CSR-080,TP-CSR-080
F-CSR-080,ACTIVE,F-CSR-080,TP-CSR-108
F-CSR-080,ACTIVE,F-CSR-080,TP-CSR-118
F-CSR-081,ACTIVE,F-CSR-081,TP-CSR-081
F-CSR-081,ACTIVE,F-CSR-081,TP-CSR-108
F-CSR-081,ACTIVE,F-CSR-081,TP-CSR-118
F-CSR-082,ALIAS,F-TRG-007,TP-CSR-082
F-CSR-082,ALIAS,F-TRG-007,TP-CSR-108
F-CSR-082,ALIAS,F-TRG-007,TP-CSR-118
F-CSR-083,ALIAS,F-TRG-008,TP-CSR-083
F-CSR-083,ALIAS,F-TRG-008,TP-CSR-110
F-CSR-084,FOLDED,F-TRG-007,TP-CSR-084
F-CSR-084,FOLDED,F-TRG-007,TP-CSR-118
F-CSR-085,ACTIVE,F-CSR-085,TP-CSR-085
F-CSR-085,ACTIVE,F-CSR-085,TP-CSR-109
F-CSR-086,ALIAS,F-IC-040,TP-CSR-086
F-CSR-087,FOLDED,F-CSR-085,TP-CSR-087
F-CSR-088,FOLDED,F-CSR-085,TP-CSR-088
F-CSR-089,ALIAS,F-SEC-022,TP-CSR-089
F-CSR-089,ALIAS,F-SEC-022,TP-CSR-094
F-CSR-090,FOLDED,F-SEC-022,TP-CSR-090
F-CSR-091,ALIAS,F-SEC-025,TP-CSR-091
F-CSR-092,ACTIVE,F-CSR-092,TP-CSR-092
F-CSR-092,ACTIVE,F-CSR-092,TP-CSR-109
F-CSR-093,FOLDED,F-CSR-092,TP-CSR-093
F-CSR-094,ACTIVE,F-CSR-094,TP-CSR-095
F-CSR-094,ACTIVE,F-CSR-094,TP-CSR-109
F-CSR-095,ACTIVE,F-CSR-095,TP-CSR-096
F-CSR-096,ACTIVE,F-CSR-096,TP-CSR-097
F-CSR-096,ACTIVE,F-CSR-096,TP-CSR-109
F-CSR-097,ACTIVE,F-CSR-097,TP-CSR-098
F-CSR-097,ACTIVE,F-CSR-097,TP-CSR-110
F-CSR-098,ACTIVE,F-CSR-098,TP-CSR-099
F-CSR-099,ACTIVE,F-CSR-099,TP-CSR-100
F-CSR-100,ACTIVE,F-CSR-100,TP-CSR-001
F-CSR-100,ACTIVE,F-CSR-100,TP-CSR-101
F-CSR-100,ACTIVE,F-CSR-100,TP-CSR-115
F-CSR-100,ACTIVE,F-CSR-100,TP-CSR-116
F-CSR-101,ACTIVE,F-CSR-101,TP-CSR-102
F-CSR-102,ACTIVE,F-CSR-102,TP-CSR-103
F-CSR-103,FOLDED,F-CSR-009,TP-CSR-009
F-CSR-103,FOLDED,F-CSR-009,TP-CSR-104
F-DBG-001,ACTIVE,F-DBG-001,TP-DBG-001
F-DBG-001,ACTIVE,F-DBG-001,TP-DBG-002
F-DBG-001,ACTIVE,F-DBG-001,TP-DBG-007
F-DBG-001,ACTIVE,F-DBG-001,TP-DBG-008
F-DBG-001,ACTIVE,F-DBG-001,TP-DBG-009
F-DBG-001,ACTIVE,F-DBG-001,TP-DBG-068
F-DBG-001,ACTIVE,F-DBG-001,TP-DBG-069
F-DBG-001,ACTIVE,F-DBG-001,TP-DBG-071
F-DBG-001,ACTIVE,F-DBG-001,TP-REG-011
F-DBG-001,ACTIVE,F-DBG-001,TP-REG-018
F-DBG-001,ACTIVE,F-DBG-001,TP-REG-019
F-DBG-002,ACTIVE,F-DBG-002,TP-DBG-003
F-DBG-002,ACTIVE,F-DBG-002,TP-DBG-068
F-DBG-003,ACTIVE,F-DBG-003,TP-DBG-004
F-DBG-003,ACTIVE,F-DBG-003,TP-DBG-005
F-DBG-003,ACTIVE,F-DBG-003,TP-XIF-001
F-DBG-003,ACTIVE,F-DBG-003,TP-XIF-002
F-DBG-003,ACTIVE,F-DBG-003,TP-XIF-009
F-DBG-004,ACTIVE,F-DBG-004,TP-DBG-005
F-DBG-004,ACTIVE,F-DBG-004,TP-DBG-006
F-DBG-004,ACTIVE,F-DBG-004,TP-DBG-007
F-DBG-004,ACTIVE,F-DBG-004,TP-XIF-002
F-DBG-005,ACTIVE,F-DBG-005,TP-DBG-010
F-DBG-005,ACTIVE,F-DBG-005,TP-DBG-068
F-DBG-005,ACTIVE,F-DBG-005,TP-REG-011
F-DBG-006,ACTIVE,F-DBG-006,TP-DBG-011
F-DBG-007,ACTIVE,F-DBG-007,TP-DBG-012
F-DBG-007,ACTIVE,F-DBG-007,TP-DBG-068
F-DBG-007,ACTIVE,F-DBG-007,TP-DBG-071
F-DBG-007,ACTIVE,F-DBG-007,TP-REG-011
F-DBG-007,ACTIVE,F-DBG-007,TP-REG-024
F-DBG-008,ALIAS,F-RST-024,TP-DBG-013
F-DBG-008,ALIAS,F-RST-024,TP-XIF-017
F-DBG-009,ACTIVE,F-DBG-009,TP-DBG-014
F-DBG-009,ACTIVE,F-DBG-009,TP-DBG-071
F-DBG-009,ACTIVE,F-DBG-009,TP-REG-011
F-DBG-009,ACTIVE,F-DBG-009,TP-XIF-004
F-DBG-010,ACTIVE,F-DBG-010,TP-DBG-015
F-DBG-010,ACTIVE,F-DBG-010,TP-REG-025
F-DBG-010,ACTIVE,F-DBG-010,TP-XIF-012
F-DBG-011,ACTIVE,F-DBG-011,TP-DBG-001
F-DBG-011,ACTIVE,F-DBG-011,TP-DBG-031
F-DBG-012,ACTIVE,F-DBG-012,TP-DBG-017
F-DBG-012,ACTIVE,F-DBG-012,TP-DBG-018
F-DBG-013,ACTIVE,F-DBG-013,TP-DBG-019
F-DBG-014,FOLDED,F-DBG-012,TP-DBG-020
F-DBG-015,FOLDED,F-DBG-012,TP-DBG-018
F-DBG-015,FOLDED,F-DBG-012,TP-DBG-021
F-DBG-016,ACTIVE,F-DBG-016,TP-DBG-018
F-DBG-017,ACTIVE,F-DBG-017,TP-DBG-022
F-DBG-017,ACTIVE,F-DBG-017,TP-DBG-073
F-DBG-018,ACTIVE,F-DBG-018,TP-DBG-023
F-DBG-018,ACTIVE,F-DBG-018,TP-DBG-073
F-DBG-019,FOLDED,F-DBG-017,TP-DBG-024
F-DBG-019,FOLDED,F-DBG-017,TP-DBG-073
F-DBG-019,FOLDED,F-DBG-017,TP-XIF-020
F-DBG-020,ALIAS,F-EXC-017,TP-DBG-025
F-DBG-020,ALIAS,F-EXC-017,TP-DBG-073
F-DBG-020,ALIAS,F-EXC-017,TP-XIF-020
F-DBG-021,FOLDED,F-DBG-017,TP-DBG-026
F-DBG-021,FOLDED,F-DBG-017,TP-DBG-073
F-DBG-022,ALIAS,F-ISA-034,TP-DBG-027
F-DBG-023,ACTIVE,F-DBG-023,TP-DBG-028
F-DBG-023,ACTIVE,F-DBG-023,TP-XIF-020
F-DBG-024,ACTIVE,F-DBG-024,TP-DBG-029
F-DBG-025,ACTIVE,F-DBG-025,TP-DBG-030
F-DBG-026,ALIAS,F-PRV-005,TP-DBG-031
F-DBG-026,ALIAS,F-PRV-005,TP-DBG-032
F-DBG-026,ALIAS,F-PRV-005,TP-DBG-034
F-DBG-026,ALIAS,F-PRV-005,TP-XIF-020
F-DBG-027,FOLDED,F-PRV-002,TP-DBG-032
F-DBG-027,FOLDED,F-PRV-002,TP-REG-024
F-DBG-027,FOLDED,F-PRV-002,TP-XIF-020
F-DBG-028,FOLDED,F-PRV-002,TP-DBG-031
F-DBG-029,FOLDED,F-PRV-002,TP-DBG-031
F-DBG-029,FOLDED,F-PRV-002,TP-XIF-020
F-DBG-030,FOLDED,F-PRV-002,TP-DBG-033
F-DBG-030,FOLDED,F-PRV-002,TP-REG-024
F-DBG-030,FOLDED,F-PRV-002,TP-XIF-005
F-DBG-030,FOLDED,F-PRV-002,TP-XIF-020
F-DBG-031,ACTIVE,F-DBG-031,TP-DBG-036
F-DBG-032,ACTIVE,F-DBG-032,TP-DBG-037
F-DBG-033,ALIAS,F-PRV-015,TP-DBG-038
F-DBG-034,FOLDED,F-DBG-031,TP-DBG-019
F-DBG-034,FOLDED,F-DBG-031,TP-DBG-039
F-DBG-035,ACTIVE,F-DBG-035,TP-DBG-040
F-DBG-036,ACTIVE,F-DBG-036,TP-DBG-041
F-DBG-036,ACTIVE,F-DBG-036,TP-XIF-009
F-DBG-037,ACTIVE,F-DBG-037,TP-DBG-042
F-DBG-037,ACTIVE,F-DBG-037,TP-DBG-072
F-DBG-038,FOLDED,F-DBG-037,TP-DBG-043
F-DBG-039,FOLDED,F-DBG-037,TP-DBG-044
F-DBG-040,ACTIVE,F-DBG-040,TP-DBG-045
F-DBG-041,FOLDED,F-DBG-017,TP-DBG-046
F-DBG-042,ACTIVE,F-DBG-042,TP-DBG-047
F-DBG-043,FOLDED,F-DBG-037,TP-DBG-021
F-DBG-043,FOLDED,F-DBG-037,TP-DBG-048
F-DBG-044,ACTIVE,F-DBG-044,TP-DBG-049
F-DBG-044,ACTIVE,F-DBG-044,TP-XIF-004
F-DBG-045,ACTIVE,F-DBG-045,TP-DBG-050
F-DBG-046,FOLDED,F-DBG-001,TP-DBG-051
F-DBG-046,FOLDED,F-DBG-001,TP-XIF-012
F-DBG-047,FOLDED,F-DBG-037,TP-DBG-052
F-DBG-048,ACTIVE,F-DBG-048,TP-DBG-053
F-DBG-049,ACTIVE,F-DBG-049,TP-DBG-054
F-DBG-050,ACTIVE,F-DBG-050,TP-DBG-055
F-DBG-051,ACTIVE,F-DBG-051,TP-DBG-056
F-DBG-052,ALIAS,F-PMP-095,TP-DBG-057
F-DBG-053,ACTIVE,F-DBG-053,TP-DBG-058
F-DBG-054,ALIAS,F-PMP-097,TP-DBG-033
F-DBG-054,ALIAS,F-PMP-097,TP-DBG-059
F-DBG-055,ACTIVE,F-DBG-055,TP-DBG-060
F-DBG-055,ACTIVE,F-DBG-055,TP-PMP-074
F-DBG-056,ACTIVE,F-DBG-056,TP-DBG-061
F-DBG-056,ACTIVE,F-DBG-056,TP-DBG-068
F-DBG-056,ACTIVE,F-DBG-056,TP-REG-024
F-DBG-056,ACTIVE,F-DBG-056,TP-XIF-015
F-DBG-056,ACTIVE,F-DBG-056,TP-XIF-020
F-DBG-057,ALIAS,F-IRQ-037,TP-DBG-021
F-DBG-057,ALIAS,F-IRQ-037,TP-DBG-062
F-DBG-057,ALIAS,F-IRQ-037,TP-XIF-020
F-DBG-058,ACTIVE,F-DBG-058,TP-DBG-016
F-DBG-058,ACTIVE,F-DBG-058,TP-XIF-015
F-DBG-059,ACTIVE,F-DBG-059,TP-DBG-063
F-DBG-059,ACTIVE,F-DBG-059,TP-XIF-020
F-DBG-060,ACTIVE,F-DBG-060,TP-DBG-034
F-DBG-060,ACTIVE,F-DBG-060,TP-DBG-064
F-DBG-061,ACTIVE,F-DBG-061,TP-DBG-001
F-DBG-061,ACTIVE,F-DBG-061,TP-DBG-068
F-DBG-062,ALIAS,F-IC-040,TP-DBG-065
F-DBG-063,ACTIVE,F-DBG-063,TP-DBG-066
F-DBG-064,ACTIVE,F-DBG-064,TP-DBG-001
F-DBG-064,ACTIVE,F-DBG-064,TP-DBG-002
F-DBG-064,ACTIVE,F-DBG-064,TP-DBG-034
F-DBG-064,ACTIVE,F-DBG-064,TP-DBG-064
F-DBG-064,ACTIVE,F-DBG-064,TP-XIF-020
F-DBG-065,ALIAS,F-RVFI-018,TP-DBG-036
F-DBG-065,ALIAS,F-RVFI-018,TP-DBG-042
F-DBG-065,ALIAS,F-RVFI-018,TP-DBG-068
F-DBG-065,ALIAS,F-RVFI-018,TP-DBG-070
F-DBG-065,ALIAS,F-RVFI-018,TP-DBG-072
F-DBG-066,ACTIVE,F-DBG-066,TP-DBG-067
F-DBG-067,ALIAS,F-SEC-022,TP-DBG-035
F-DBG-068,ACTIVE,F-DBG-068,TP-DBG-007
F-DBG-068,ACTIVE,F-DBG-068,TP-DBG-008
F-DBG-068,ACTIVE,F-DBG-068,TP-DBG-071
F-DIT-001,ACTIVE,F-DIT-001,TP-DIT-001
F-DIT-001,ACTIVE,F-DIT-001,TP-DIT-033
F-DIT-002,ACTIVE,F-DIT-002,TP-DIT-002
F-DIT-002,ACTIVE,F-DIT-002,TP-DIT-003
F-DIT-002,ACTIVE,F-DIT-002,TP-DIT-033
F-DIT-003,ACTIVE,F-DIT-003,TP-DIT-004
F-DIT-003,ACTIVE,F-DIT-003,TP-DIT-033
F-DIT-004,FOLDED,F-DIT-003,TP-DIT-005
F-DIT-005,ACTIVE,F-DIT-005,TP-DIT-006
F-DIT-006,ACTIVE,F-DIT-006,TP-DIT-007
F-DIT-007,FOLDED,F-DIT-002,TP-DIT-008
F-DIT-008,ACTIVE,F-DIT-008,TP-DIT-009
F-DIT-009,FOLDED,F-DIT-003,TP-DIT-010
F-DIT-010,FOLDED,F-DIT-002,TP-DIT-011
F-DIT-010,FOLDED,F-DIT-002,TP-XIF-020
F-DIT-011,ACTIVE,F-DIT-011,TP-DIT-012
F-DIT-011,ACTIVE,F-DIT-011,TP-DIT-013
F-DIT-011,ACTIVE,F-DIT-011,TP-DIT-032
F-DIT-011,ACTIVE,F-DIT-011,TP-DIT-033
F-DIT-011,ACTIVE,F-DIT-011,TP-XIF-021
F-DIT-012,FOLDED,F-DIT-011,TP-DIT-013
F-DIT-012,FOLDED,F-DIT-011,TP-XIF-021
F-DIT-013,ACTIVE,F-DIT-013,TP-DIT-014
F-DIT-013,ACTIVE,F-DIT-013,TP-XIF-021
F-DIT-014,ACTIVE,F-DIT-014,TP-DIT-015
F-DIT-015,ACTIVE,F-DIT-015,TP-DIT-016
F-DIT-015,ACTIVE,F-DIT-015,TP-DIT-033
F-DIT-016,ACTIVE,F-DIT-016,TP-DIT-017
F-DIT-016,ACTIVE,F-DIT-016,TP-DIT-033
F-DIT-017,ACTIVE,F-DIT-017,TP-DIT-018
F-DIT-018,ALIAS,F-PMC-011,TP-DIT-019
F-DIT-019,ACTIVE,F-DIT-019,TP-DIT-020
F-DIT-019,ACTIVE,F-DIT-019,TP-XIF-021
F-DIT-020,ACTIVE,F-DIT-020,TP-DIT-021
F-DIT-020,ACTIVE,F-DIT-020,TP-DIT-022
F-DIT-020,ACTIVE,F-DIT-020,TP-XIF-021
F-DIT-021,ACTIVE,F-DIT-021,TP-DIT-023
F-DIT-021,ACTIVE,F-DIT-021,TP-DIT-032
F-DIT-021,ACTIVE,F-DIT-021,TP-XIF-021
F-DIT-022,ACTIVE,F-DIT-022,TP-DIT-024
F-DIT-023,ACTIVE,F-DIT-023,TP-DIT-025
F-DIT-023,ACTIVE,F-DIT-023,TP-XIF-021
F-DIT-024,FOLDED,F-DIT-013,TP-DIT-026
F-DIT-025,ACTIVE,F-DIT-025,TP-DIT-027
F-DIT-026,ACTIVE,F-DIT-026,TP-DIT-028
F-DIT-027,ACTIVE,F-DIT-027,TP-DIT-029
F-DIT-028,ACTIVE,F-DIT-028,TP-DIT-030
F-DIT-028,ACTIVE,F-DIT-028,TP-XIF-016
F-DIT-028,ACTIVE,F-DIT-028,TP-XIF-021
F-DIT-029,ACTIVE,F-DIT-029,TP-DIT-031
F-DIT-029,ACTIVE,F-DIT-029,TP-XIF-021
F-DIT-030,ACTIVE,F-DIT-030,TP-DIT-034
F-DMEM-001,ACTIVE,F-DMEM-001,TP-DMEM-001
F-DMEM-001,ACTIVE,F-DMEM-001,TP-DMEM-056
F-DMEM-001,ACTIVE,F-DMEM-001,TP-REG-005
F-DMEM-001,ACTIVE,F-DMEM-001,TP-REG-018
F-DMEM-001,ACTIVE,F-DMEM-001,TP-REG-019
F-DMEM-002,ACTIVE,F-DMEM-002,TP-DMEM-002
F-DMEM-002,ACTIVE,F-DMEM-002,TP-REG-005
F-DMEM-003,ACTIVE,F-DMEM-003,TP-DMEM-003
F-DMEM-004,ACTIVE,F-DMEM-004,TP-DMEM-004
F-DMEM-004,ACTIVE,F-DMEM-004,TP-DMEM-056
F-DMEM-004,ACTIVE,F-DMEM-004,TP-REG-005
F-DMEM-005,FOLDED,F-DMEM-001,TP-DMEM-005
F-DMEM-005,FOLDED,F-DMEM-001,TP-DMEM-056
F-DMEM-005,FOLDED,F-DMEM-001,TP-REG-005
F-DMEM-006,ACTIVE,F-DMEM-006,TP-DMEM-006
F-DMEM-006,ACTIVE,F-DMEM-006,TP-DMEM-056
F-DMEM-006,ACTIVE,F-DMEM-006,TP-DMEM-062
F-DMEM-006,ACTIVE,F-DMEM-006,TP-REG-006
F-DMEM-007,ACTIVE,F-DMEM-007,TP-DMEM-007
F-DMEM-007,ACTIVE,F-DMEM-007,TP-DMEM-062
F-DMEM-007,ACTIVE,F-DMEM-007,TP-REG-006
F-DMEM-008,ACTIVE,F-DMEM-008,TP-DMEM-008
F-DMEM-008,ACTIVE,F-DMEM-008,TP-DMEM-056
F-DMEM-008,ACTIVE,F-DMEM-008,TP-REG-006
F-DMEM-008,ACTIVE,F-DMEM-008,TP-REG-021
F-DMEM-009,ACTIVE,F-DMEM-009,TP-DMEM-009
F-DMEM-009,ACTIVE,F-DMEM-009,TP-DMEM-056
F-DMEM-010,ACTIVE,F-DMEM-010,TP-DMEM-010
F-DMEM-010,ACTIVE,F-DMEM-010,TP-DMEM-056
F-DMEM-010,ACTIVE,F-DMEM-010,TP-REG-006
F-DMEM-010,ACTIVE,F-DMEM-010,TP-REG-021
F-DMEM-011,ACTIVE,F-DMEM-011,TP-DMEM-011
F-DMEM-012,ACTIVE,F-DMEM-012,TP-DMEM-012
F-DMEM-013,ACTIVE,F-DMEM-013,TP-DMEM-013
F-DMEM-014,ACTIVE,F-DMEM-014,TP-DMEM-014
F-DMEM-015,ACTIVE,F-DMEM-015,TP-ADOPT-003
F-DMEM-015,ACTIVE,F-DMEM-015,TP-DMEM-016
F-DMEM-015,ACTIVE,F-DMEM-015,TP-DMEM-023
F-DMEM-015,ACTIVE,F-DMEM-015,TP-REG-015
F-DMEM-016,ACTIVE,F-DMEM-016,TP-ADOPT-003
F-DMEM-016,ACTIVE,F-DMEM-016,TP-DMEM-017
F-DMEM-017,ACTIVE,F-DMEM-017,TP-DMEM-018
F-DMEM-018,ACTIVE,F-DMEM-018,TP-DMEM-019
F-DMEM-018,ACTIVE,F-DMEM-018,TP-DMEM-023
F-DMEM-018,ACTIVE,F-DMEM-018,TP-DMEM-029
F-DMEM-019,ACTIVE,F-DMEM-019,TP-DMEM-028
F-DMEM-019,ACTIVE,F-DMEM-019,TP-DMEM-029
F-DMEM-020,FOLDED,F-DMEM-014,TP-DMEM-015
F-DMEM-021,ACTIVE,F-DMEM-021,TP-DMEM-024
F-DMEM-021,ACTIVE,F-DMEM-021,TP-DMEM-038
F-DMEM-021,ACTIVE,F-DMEM-021,TP-DMEM-055
F-DMEM-021,ACTIVE,F-DMEM-021,TP-REG-007
F-DMEM-021,ACTIVE,F-DMEM-021,TP-XIF-001
F-DMEM-021,ACTIVE,F-DMEM-021,TP-XIF-008
F-DMEM-022,ACTIVE,F-DMEM-022,TP-DMEM-025
F-DMEM-022,ACTIVE,F-DMEM-022,TP-DMEM-038
F-DMEM-022,ACTIVE,F-DMEM-022,TP-DMEM-055
F-DMEM-022,ACTIVE,F-DMEM-022,TP-REG-007
F-DMEM-022,ACTIVE,F-DMEM-022,TP-XIF-001
F-DMEM-022,ACTIVE,F-DMEM-022,TP-XIF-008
F-DMEM-023,FOLDED,F-DMEM-015,TP-DMEM-026
F-DMEM-023,FOLDED,F-DMEM-015,TP-DMEM-038
F-DMEM-023,FOLDED,F-DMEM-015,TP-REG-007
F-DMEM-023,FOLDED,F-DMEM-015,TP-XIF-001
F-DMEM-024,ACTIVE,F-DMEM-024,TP-DMEM-020
F-DMEM-024,ACTIVE,F-DMEM-024,TP-DMEM-023
F-DMEM-024,ACTIVE,F-DMEM-024,TP-REG-005
F-DMEM-025,FOLDED,F-DMEM-008,TP-DMEM-021
F-DMEM-025,FOLDED,F-DMEM-008,TP-DMEM-023
F-DMEM-025,FOLDED,F-DMEM-008,TP-REG-006
F-DMEM-025,FOLDED,F-DMEM-008,TP-XIF-002
F-DMEM-025,FOLDED,F-DMEM-008,TP-XIF-008
F-DMEM-025,FOLDED,F-DMEM-008,TP-XIF-009
F-DMEM-026,ACTIVE,F-DMEM-026,TP-DMEM-022
F-DMEM-026,ACTIVE,F-DMEM-026,TP-DMEM-023
F-DMEM-026,ACTIVE,F-DMEM-026,TP-REG-006
F-DMEM-026,ACTIVE,F-DMEM-026,TP-XIF-008
F-DMEM-026,ACTIVE,F-DMEM-026,TP-XIF-009
F-DMEM-027,ACTIVE,F-DMEM-027,TP-DMEM-027
F-DMEM-028,ACTIVE,F-DMEM-028,TP-ADOPT-001
F-DMEM-028,ACTIVE,F-DMEM-028,TP-DMEM-044
F-DMEM-028,ACTIVE,F-DMEM-028,TP-DMEM-054
F-DMEM-028,ACTIVE,F-DMEM-028,TP-DMEM-061
F-DMEM-028,ACTIVE,F-DMEM-028,TP-REG-006
F-DMEM-029,ACTIVE,F-DMEM-029,TP-ADOPT-001
F-DMEM-029,ACTIVE,F-DMEM-029,TP-DMEM-046
F-DMEM-029,ACTIVE,F-DMEM-029,TP-DMEM-054
F-DMEM-030,ACTIVE,F-DMEM-030,TP-DMEM-035
F-DMEM-030,ACTIVE,F-DMEM-030,TP-DMEM-036
F-DMEM-030,ACTIVE,F-DMEM-030,TP-DMEM-054
F-DMEM-030,ACTIVE,F-DMEM-030,TP-REG-021
F-DMEM-030,ACTIVE,F-DMEM-030,TP-XIF-001
F-DMEM-030,ACTIVE,F-DMEM-030,TP-XIF-002
F-DMEM-030,ACTIVE,F-DMEM-030,TP-XIF-003
F-DMEM-030,ACTIVE,F-DMEM-030,TP-XIF-008
F-DMEM-030,ACTIVE,F-DMEM-030,TP-XIF-009
F-DMEM-031,ACTIVE,F-DMEM-031,TP-DMEM-047
F-DMEM-031,ACTIVE,F-DMEM-031,TP-DMEM-054
F-DMEM-031,ACTIVE,F-DMEM-031,TP-XIF-004
F-DMEM-032,ACTIVE,F-DMEM-032,TP-DMEM-037
F-DMEM-033,ALIAS,F-PMP-082,TP-DMEM-048
F-DMEM-033,ALIAS,F-PMP-082,TP-DMEM-055
F-DMEM-034,ACTIVE,F-DMEM-034,TP-DMEM-057
F-DMEM-035,ACTIVE,F-DMEM-035,TP-DMEM-045
F-DMEM-035,ACTIVE,F-DMEM-035,TP-DMEM-057
F-DMEM-035,ACTIVE,F-DMEM-035,TP-DMEM-060
F-DMEM-036,ALIAS,F-EXC-025,TP-DMEM-032
F-DMEM-036,ALIAS,F-EXC-025,TP-DMEM-036
F-DMEM-036,ALIAS,F-EXC-025,TP-DMEM-038
F-DMEM-036,ALIAS,F-EXC-025,TP-REG-007
F-DMEM-036,ALIAS,F-EXC-025,TP-XIF-001
F-DMEM-037,ALIAS,F-EXC-027,TP-DMEM-033
F-DMEM-037,ALIAS,F-EXC-027,TP-DMEM-036
F-DMEM-037,ALIAS,F-EXC-027,TP-DMEM-038
F-DMEM-037,ALIAS,F-EXC-027,TP-REG-007
F-DMEM-037,ALIAS,F-EXC-027,TP-XIF-001
F-DMEM-038,ALIAS,F-EXC-035,TP-DMEM-034
F-DMEM-038,ALIAS,F-EXC-035,TP-DMEM-063
F-DMEM-038,ALIAS,F-EXC-035,TP-XIF-001
F-DMEM-039,ACTIVE,F-DMEM-039,TP-DMEM-031
F-DMEM-039,ACTIVE,F-DMEM-039,TP-DMEM-040
F-DMEM-040,ACTIVE,F-DMEM-040,TP-DMEM-030
F-DMEM-041,ACTIVE,F-DMEM-041,TP-DMEM-039
F-DMEM-041,ACTIVE,F-DMEM-041,TP-DMEM-040
F-DMEM-041,ACTIVE,F-DMEM-041,TP-DMEM-041
F-DMEM-041,ACTIVE,F-DMEM-041,TP-DMEM-042
F-DMEM-041,ACTIVE,F-DMEM-041,TP-DMEM-043
F-DMEM-041,ACTIVE,F-DMEM-041,TP-DMEM-045
F-DMEM-041,ACTIVE,F-DMEM-041,TP-DMEM-064
F-DMEM-041,ACTIVE,F-DMEM-041,TP-REG-026
F-DMEM-042,ACTIVE,F-DMEM-042,TP-DMEM-049
F-DMEM-043,ACTIVE,F-DMEM-043,TP-DMEM-049
F-DMEM-044,ACTIVE,F-DMEM-044,TP-DMEM-050
F-DMEM-045,ACTIVE,F-DMEM-045,TP-DMEM-051
F-DMEM-046,ACTIVE,F-DMEM-046,TP-DMEM-052
F-DMEM-046,ACTIVE,F-DMEM-046,TP-XIF-011
F-DMEM-047,ALIAS,F-CMP-060,TP-DMEM-053
F-DMEM-047,ALIAS,F-CMP-060,TP-XIF-013
F-DMEM-048,ACTIVE,F-DMEM-048,TP-DMEM-058
F-DMEM-049,ACTIVE,F-DMEM-049,TP-DMEM-059
F-DMEM-050,ACTIVE,F-DMEM-050,TP-DMEM-045
F-DMEM-050,ACTIVE,F-DMEM-050,TP-DMEM-060
F-DMEM-051,ACTIVE,F-DMEM-051,TP-DMEM-061
F-EXC-001,ACTIVE,F-EXC-001,TP-EXC-001
F-EXC-001,ACTIVE,F-EXC-001,TP-EXC-049
F-EXC-001,ACTIVE,F-EXC-001,TP-EXC-071
F-EXC-002,ACTIVE,F-EXC-002,TP-EXC-001
F-EXC-003,ACTIVE,F-EXC-003,TP-EXC-001
F-EXC-003,ACTIVE,F-EXC-003,TP-EXC-071
F-EXC-003,ACTIVE,F-EXC-003,TP-REG-003
F-EXC-003,ACTIVE,F-EXC-003,TP-XIF-005
F-EXC-004,ACTIVE,F-EXC-004,TP-EXC-002
F-EXC-004,ACTIVE,F-EXC-004,TP-EXC-073
F-EXC-005,ACTIVE,F-EXC-005,TP-EXC-003
F-EXC-005,ACTIVE,F-EXC-005,TP-EXC-004
F-EXC-005,ACTIVE,F-EXC-005,TP-PMP-066
F-EXC-005,ACTIVE,F-EXC-005,TP-XIF-005
F-EXC-006,ACTIVE,F-EXC-006,TP-EXC-005
F-EXC-006,ACTIVE,F-EXC-006,TP-PMP-077
F-EXC-006,ACTIVE,F-EXC-006,TP-XIF-005
F-EXC-007,ACTIVE,F-EXC-007,TP-EXC-006
F-EXC-007,ACTIVE,F-EXC-007,TP-EXC-040
F-EXC-008,ACTIVE,F-EXC-008,TP-EXC-007
F-EXC-008,ACTIVE,F-EXC-008,TP-EXC-071
F-EXC-009,ACTIVE,F-EXC-009,TP-EXC-008
F-EXC-010,ALIAS,F-PRV-010,TP-EXC-009
F-EXC-011,ALIAS,F-PRV-016,TP-EXC-010
F-EXC-012,ALIAS,F-DBG-032,TP-EXC-011
F-EXC-013,ACTIVE,F-EXC-013,TP-EXC-012
F-EXC-013,ACTIVE,F-EXC-013,TP-EXC-040
F-EXC-014,ACTIVE,F-EXC-014,TP-EXC-007
F-EXC-014,ACTIVE,F-EXC-014,TP-EXC-013
F-EXC-015,ALIAS,F-CMP-044,TP-EXC-014
F-EXC-015,ALIAS,F-CMP-044,TP-EXC-074
F-EXC-016,ACTIVE,F-EXC-016,TP-EXC-015
F-EXC-017,ACTIVE,F-EXC-017,TP-EXC-016
F-EXC-018,ALIAS,F-ISA-034,TP-EXC-017
F-EXC-019,ALIAS,F-DBG-017,TP-EXC-018
F-EXC-020,ALIAS,F-DBG-023,TP-EXC-019
F-EXC-021,ALIAS,F-TRG-010,TP-EXC-020
F-EXC-022,ALIAS,F-TRG-021,TP-EXC-021
F-EXC-023,ACTIVE,F-EXC-023,TP-EXC-022
F-EXC-024,FOLDED,F-EXC-023,TP-EXC-023
F-EXC-024,FOLDED,F-EXC-023,TP-XIF-020
F-EXC-025,ACTIVE,F-EXC-025,TP-EXC-024
F-EXC-025,ACTIVE,F-EXC-025,TP-EXC-071
F-EXC-025,ACTIVE,F-EXC-025,TP-IRQ-072
F-EXC-025,ACTIVE,F-EXC-025,TP-REG-007
F-EXC-025,ACTIVE,F-EXC-025,TP-XIF-001
F-EXC-025,ACTIVE,F-EXC-025,TP-XIF-020
F-EXC-026,ACTIVE,F-EXC-026,TP-EXC-025
F-EXC-026,ACTIVE,F-EXC-026,TP-EXC-073
F-EXC-027,ACTIVE,F-EXC-027,TP-EXC-026
F-EXC-027,ACTIVE,F-EXC-027,TP-EXC-071
F-EXC-027,ACTIVE,F-EXC-027,TP-REG-007
F-EXC-027,ACTIVE,F-EXC-027,TP-XIF-001
F-EXC-027,ACTIVE,F-EXC-027,TP-XIF-020
F-EXC-028,FOLDED,F-EXC-026,TP-EXC-027
F-EXC-028,FOLDED,F-EXC-026,TP-EXC-073
F-EXC-029,ACTIVE,F-EXC-029,TP-EXC-028
F-EXC-030,ACTIVE,F-EXC-030,TP-EXC-029
F-EXC-031,ACTIVE,F-EXC-031,TP-EXC-030
F-EXC-032,ALIAS,F-PMP-088,TP-EXC-031
F-EXC-032,ALIAS,F-PMP-088,TP-EXC-073
F-EXC-033,ALIAS,F-PMP-087,TP-EXC-032
F-EXC-033,ALIAS,F-PMP-087,TP-EXC-073
F-EXC-034,FOLDED,F-EXC-025,TP-EXC-033
F-EXC-035,ACTIVE,F-EXC-035,TP-EXC-034
F-EXC-035,ACTIVE,F-EXC-035,TP-PMP-083
F-EXC-035,ACTIVE,F-EXC-035,TP-XIF-008
F-EXC-036,ACTIVE,F-EXC-036,TP-EXC-015
F-EXC-036,ACTIVE,F-EXC-036,TP-EXC-035
F-EXC-036,ACTIVE,F-EXC-036,TP-EXC-040
F-EXC-036,ACTIVE,F-EXC-036,TP-EXC-065
F-EXC-037,ACTIVE,F-EXC-037,TP-EXC-036
F-EXC-038,FOLDED,F-EXC-035,TP-EXC-037
F-EXC-039,FOLDED,F-EXC-027,TP-EXC-026
F-EXC-039,FOLDED,F-EXC-027,TP-EXC-039
F-EXC-040,FOLDED,F-EXC-035,TP-EXC-038
F-EXC-041,ACTIVE,F-EXC-041,TP-EXC-006
F-EXC-041,ACTIVE,F-EXC-041,TP-EXC-012
F-EXC-041,ACTIVE,F-EXC-041,TP-EXC-035
F-EXC-041,ACTIVE,F-EXC-041,TP-EXC-040
F-EXC-041,ACTIVE,F-EXC-041,TP-EXC-071
F-EXC-042,FOLDED,F-EXC-001,TP-EXC-041
F-EXC-043,ACTIVE,F-EXC-043,TP-EXC-042
F-EXC-043,ACTIVE,F-EXC-043,TP-EXC-074
F-EXC-043,ACTIVE,F-EXC-043,TP-XIF-013
F-EXC-044,ACTIVE,F-EXC-044,TP-EXC-043
F-EXC-044,ACTIVE,F-EXC-044,TP-EXC-074
F-EXC-044,ACTIVE,F-EXC-044,TP-XIF-013
F-EXC-045,FOLDED,F-EXC-003,TP-EXC-044
F-EXC-045,FOLDED,F-EXC-003,TP-EXC-074
F-EXC-046,ACTIVE,F-EXC-046,TP-EXC-045
F-EXC-046,ACTIVE,F-EXC-046,TP-EXC-046
F-EXC-047,ALIAS,F-SEC-022,TP-EXC-047
F-EXC-048,ALIAS,F-DBG-004,TP-EXC-048
F-EXC-049,ACTIVE,F-EXC-049,TP-EXC-049
F-EXC-050,ACTIVE,F-EXC-050,TP-EXC-050
F-EXC-051,FOLDED,F-EXC-050,TP-EXC-051
F-EXC-052,ALIAS,F-PRV-007,TP-EXC-052
F-EXC-053,ALIAS,F-CSR-024,TP-EXC-053
F-EXC-054,ALIAS,F-SEC-022,TP-EXC-054
F-EXC-055,ACTIVE,F-EXC-055,TP-EXC-055
F-EXC-055,ACTIVE,F-EXC-055,TP-EXC-072
F-EXC-056,ACTIVE,F-EXC-056,TP-EXC-056
F-EXC-057,ALIAS,F-SEC-025,TP-EXC-057
F-EXC-058,FOLDED,F-SEC-022,TP-EXC-058
F-EXC-059,ACTIVE,F-EXC-059,TP-EXC-059
F-EXC-059,ACTIVE,F-EXC-059,TP-REG-008
F-EXC-060,ACTIVE,F-EXC-060,TP-EXC-060
F-EXC-061,ACTIVE,F-EXC-061,TP-EXC-050
F-EXC-061,ACTIVE,F-EXC-061,TP-EXC-061
F-EXC-061,ACTIVE,F-EXC-061,TP-XIF-014
F-EXC-062,FOLDED,F-EXC-001,TP-EXC-062
F-EXC-062,FOLDED,F-EXC-001,TP-EXC-071
F-EXC-063,FOLDED,F-EXC-001,TP-EXC-063
F-EXC-064,ACTIVE,F-EXC-064,TP-EXC-064
F-EXC-064,ACTIVE,F-EXC-064,TP-EXC-065
F-EXC-065,ACTIVE,F-EXC-065,TP-EXC-066
F-EXC-066,ACTIVE,F-EXC-066,TP-EXC-067
F-EXC-067,ACTIVE,F-EXC-067,TP-EXC-068
F-EXC-068,ACTIVE,F-EXC-068,TP-EXC-069
F-EXC-069,ACTIVE,F-EXC-069,TP-EXC-070
F-EXC-069,ACTIVE,F-EXC-069,TP-EXC-072
F-EXC-069,ACTIVE,F-EXC-069,TP-IRQ-072
F-EXC-069,ACTIVE,F-EXC-069,TP-XIF-001
F-EXC-069,ACTIVE,F-EXC-069,TP-XIF-002
F-FE-001,ACTIVE,F-FE-001,TP-FE-001
F-FE-002,ACTIVE,F-FE-002,TP-FE-002
F-FE-003,ACTIVE,F-FE-003,TP-FE-003
F-FE-003,ACTIVE,F-FE-003,TP-IMEM-028
F-FE-004,ACTIVE,F-FE-004,TP-FE-004
F-FE-005,ACTIVE,F-FE-005,TP-FE-005
F-FE-006,ACTIVE,F-FE-006,TP-FE-006
F-FE-007,ACTIVE,F-FE-007,TP-FE-007
F-FE-007,ACTIVE,F-FE-007,TP-IMEM-033
F-FE-008,ACTIVE,F-FE-008,TP-FE-008
F-FE-009,ACTIVE,F-FE-009,TP-FE-009
F-FE-010,ACTIVE,F-FE-010,TP-FE-010
F-FE-011,ALIAS,F-EXC-067,TP-FE-011
F-FE-012,ACTIVE,F-FE-012,TP-FE-016
F-FE-013,ACTIVE,F-FE-013,TP-FE-012
F-FE-013,ACTIVE,F-FE-013,TP-FE-015
F-FE-013,ACTIVE,F-FE-013,TP-FE-024
F-FE-014,ACTIVE,F-FE-014,TP-FE-027
F-FE-014,ACTIVE,F-FE-014,TP-FE-028
F-FE-015,ACTIVE,F-FE-015,TP-FE-019
F-FE-015,ACTIVE,F-FE-015,TP-FE-025
F-FE-015,ACTIVE,F-FE-015,TP-XIF-005
F-FE-016,ALIAS,F-PMP-067,TP-FE-020
F-FE-016,ALIAS,F-PMP-067,TP-FE-025
F-FE-017,ACTIVE,F-FE-017,TP-FE-013
F-FE-017,ACTIVE,F-FE-017,TP-FE-024
F-FE-018,ACTIVE,F-FE-018,TP-FE-017
F-FE-018,ACTIVE,F-FE-018,TP-XIF-021
F-FE-019,ACTIVE,F-FE-019,TP-FE-001
F-FE-020,ALIAS,F-SEC-007,TP-FE-021
F-FE-021,ACTIVE,F-FE-021,TP-FE-026
F-FE-021,ACTIVE,F-FE-021,TP-FE-028
F-FE-021,ACTIVE,F-FE-021,TP-XIF-004
F-FE-022,ALIAS,F-IC-040,TP-FE-022
F-FE-022,ALIAS,F-IC-040,TP-XIF-020
F-FE-023,FOLDED,F-IMEM-011,TP-FE-023
F-FE-023,FOLDED,F-IMEM-011,TP-FE-025
F-FE-023,FOLDED,F-IMEM-011,TP-XIF-005
F-FE-024,FOLDED,F-FE-012,TP-FE-018
F-FE-024,FOLDED,F-FE-012,TP-XIF-011
F-FE-025,ACTIVE,F-FE-025,TP-FE-014
F-FE-025,ACTIVE,F-FE-025,TP-FE-015
F-IC-001,ACTIVE,F-IC-001,TP-IC-001
F-IC-002,ACTIVE,F-IC-002,TP-IC-002
F-IC-003,ACTIVE,F-IC-003,TP-IC-003
F-IC-004,ACTIVE,F-IC-004,TP-IC-004
F-IC-005,ACTIVE,F-IC-005,TP-IC-005
F-IC-006,ACTIVE,F-IC-006,TP-IC-006
F-IC-007,ACTIVE,F-IC-007,TP-IC-006
F-IC-008,ACTIVE,F-IC-008,TP-IC-007
F-IC-008,ACTIVE,F-IC-008,TP-IC-016
F-IC-008,ACTIVE,F-IC-008,TP-IC-047
F-IC-008,ACTIVE,F-IC-008,TP-IC-056
F-IC-008,ACTIVE,F-IC-008,TP-REG-014
F-IC-008,ACTIVE,F-IC-008,TP-REG-018
F-IC-008,ACTIVE,F-IC-008,TP-REG-019
F-IC-009,FOLDED,F-IC-008,TP-IC-008
F-IC-009,FOLDED,F-IC-008,TP-XIF-017
F-IC-010,ACTIVE,F-IC-010,TP-IC-009
F-IC-010,ACTIVE,F-IC-010,TP-IC-056
F-IC-010,ACTIVE,F-IC-010,TP-XIF-018
F-IC-011,ACTIVE,F-IC-011,TP-IC-010
F-IC-011,ACTIVE,F-IC-011,TP-XIF-018
F-IC-012,ACTIVE,F-IC-012,TP-IC-029
F-IC-012,ACTIVE,F-IC-012,TP-IC-048
F-IC-012,ACTIVE,F-IC-012,TP-IC-057
F-IC-013,ACTIVE,F-IC-013,TP-IC-017
F-IC-013,ACTIVE,F-IC-013,TP-IC-054
F-IC-014,ACTIVE,F-IC-014,TP-IC-018
F-IC-014,ACTIVE,F-IC-014,TP-IC-054
F-IC-014,ACTIVE,F-IC-014,TP-IC-055
F-IC-015,FOLDED,F-IC-014,TP-IC-019
F-IC-016,FOLDED,F-IC-014,TP-IC-020
F-IC-016,FOLDED,F-IC-014,TP-REG-004
F-IC-017,ACTIVE,F-IC-017,TP-IC-021
F-IC-018,FOLDED,F-IC-017,TP-IC-022
F-IC-019,ACTIVE,F-IC-019,TP-IC-023
F-IC-019,ACTIVE,F-IC-019,TP-IC-039
F-IC-019,ACTIVE,F-IC-019,TP-IC-041
F-IC-019,ACTIVE,F-IC-019,TP-REG-004
F-IC-020,ACTIVE,F-IC-020,TP-IC-024
F-IC-020,ACTIVE,F-IC-020,TP-IC-040
F-IC-020,ACTIVE,F-IC-020,TP-XIF-007
F-IC-021,ACTIVE,F-IC-021,TP-IC-025
F-IC-021,ACTIVE,F-IC-021,TP-XIF-006
F-IC-021,ACTIVE,F-IC-021,TP-XIF-007
F-IC-022,ACTIVE,F-IC-022,TP-IC-011
F-IC-022,ACTIVE,F-IC-022,TP-XIF-017
F-IC-023,ACTIVE,F-IC-023,TP-IC-012
F-IC-023,ACTIVE,F-IC-023,TP-IC-047
F-IC-023,ACTIVE,F-IC-023,TP-IC-055
F-IC-023,ACTIVE,F-IC-023,TP-REG-014
F-IC-023,ACTIVE,F-IC-023,TP-XIF-006
F-IC-024,ACTIVE,F-IC-024,TP-IC-013
F-IC-024,ACTIVE,F-IC-024,TP-IC-047
F-IC-024,ACTIVE,F-IC-024,TP-REG-014
F-IC-024,ACTIVE,F-IC-024,TP-XIF-006
F-IC-024,ACTIVE,F-IC-024,TP-XIF-018
F-IC-025,ACTIVE,F-IC-025,TP-IC-014
F-IC-025,ACTIVE,F-IC-025,TP-IC-047
F-IC-025,ACTIVE,F-IC-025,TP-XIF-006
F-IC-025,ACTIVE,F-IC-025,TP-XIF-018
F-IC-026,ACTIVE,F-IC-026,TP-IC-015
F-IC-026,ACTIVE,F-IC-026,TP-IC-040
F-IC-026,ACTIVE,F-IC-026,TP-XIF-006
F-IC-027,ACTIVE,F-IC-027,TP-IC-031
F-IC-027,ACTIVE,F-IC-027,TP-IC-032
F-IC-027,ACTIVE,F-IC-027,TP-IC-040
F-IC-027,ACTIVE,F-IC-027,TP-XIF-022
F-IC-028,ACTIVE,F-IC-028,TP-IC-046
F-IC-028,ACTIVE,F-IC-028,TP-XIF-022
F-IC-029,ACTIVE,F-IC-029,TP-IC-050
F-IC-029,ACTIVE,F-IC-029,TP-REG-014
F-IC-029,ACTIVE,F-IC-029,TP-REG-023
F-IC-029,ACTIVE,F-IC-029,TP-XIF-004
F-IC-029,ACTIVE,F-IC-029,TP-XIF-018
F-IC-030,ACTIVE,F-IC-030,TP-IC-035
F-IC-030,ACTIVE,F-IC-030,TP-IC-049
F-IC-030,ACTIVE,F-IC-030,TP-IC-056
F-IC-030,ACTIVE,F-IC-030,TP-REG-013
F-IC-030,ACTIVE,F-IC-030,TP-XIF-022
F-IC-031,ACTIVE,F-IC-031,TP-IC-036
F-IC-031,ACTIVE,F-IC-031,TP-IC-049
F-IC-031,ACTIVE,F-IC-031,TP-REG-013
F-IC-031,ACTIVE,F-IC-031,TP-XIF-022
F-IC-032,FOLDED,F-IC-030,TP-IC-037
F-IC-032,FOLDED,F-IC-030,TP-XIF-022
F-IC-033,FOLDED,F-IC-030,TP-IC-042
F-IC-033,FOLDED,F-IC-030,TP-IC-049
F-IC-033,FOLDED,F-IC-030,TP-REG-013
F-IC-033,FOLDED,F-IC-030,TP-XIF-022
F-IC-034,FOLDED,F-IC-030,TP-IC-043
F-IC-035,ACTIVE,F-IC-035,TP-IC-044
F-IC-035,ACTIVE,F-IC-035,TP-REG-013
F-IC-035,ACTIVE,F-IC-035,TP-XIF-022
F-IC-036,ACTIVE,F-IC-036,TP-IC-028
F-IC-036,ACTIVE,F-IC-036,TP-XIF-007
F-IC-037,ACTIVE,F-IC-037,TP-IC-026
F-IC-037,ACTIVE,F-IC-037,TP-IC-041
F-IC-037,ACTIVE,F-IC-037,TP-XIF-007
F-IC-038,ACTIVE,F-IC-038,TP-IC-051
F-IC-039,ACTIVE,F-IC-039,TP-IC-034
F-IC-039,ACTIVE,F-IC-039,TP-XIF-019
F-IC-039,ACTIVE,F-IC-039,TP-XIF-020
F-IC-040,ACTIVE,F-IC-040,TP-IC-030
F-IC-040,ACTIVE,F-IC-040,TP-IC-048
F-IC-040,ACTIVE,F-IC-040,TP-XIF-020
F-IC-041,FOLDED,F-IC-012,TP-IC-033
F-IC-041,FOLDED,F-IC-012,TP-IC-048
F-IC-041,FOLDED,F-IC-012,TP-XIF-022
F-IC-042,ACTIVE,F-IC-042,TP-IC-038
F-IC-043,ACTIVE,F-IC-043,TP-IC-027
F-IC-043,ACTIVE,F-IC-043,TP-IC-041
F-IC-043,ACTIVE,F-IC-043,TP-IC-052
F-IC-044,ACTIVE,F-IC-044,TP-IC-053
F-IC-045,ACTIVE,F-IC-045,TP-IC-045
F-IC-046,ACTIVE,F-IC-046,TP-IC-046
F-IC-047,ACTIVE,F-IC-047,TP-IC-016
F-IC-048,ACTIVE,F-IC-048,TP-IC-057
F-IMEM-001,ACTIVE,F-IMEM-001,TP-IMEM-001
F-IMEM-001,ACTIVE,F-IMEM-001,TP-IMEM-036
F-IMEM-001,ACTIVE,F-IMEM-001,TP-REG-001
F-IMEM-001,ACTIVE,F-IMEM-001,TP-REG-018
F-IMEM-001,ACTIVE,F-IMEM-001,TP-REG-019
F-IMEM-002,ACTIVE,F-IMEM-002,TP-IMEM-002
F-IMEM-003,ACTIVE,F-IMEM-003,TP-IMEM-003
F-IMEM-003,ACTIVE,F-IMEM-003,TP-REG-001
F-IMEM-004,ACTIVE,F-IMEM-004,TP-IMEM-004
F-IMEM-004,ACTIVE,F-IMEM-004,TP-IMEM-036
F-IMEM-004,ACTIVE,F-IMEM-004,TP-REG-001
F-IMEM-005,FOLDED,F-IMEM-001,TP-IMEM-005
F-IMEM-005,FOLDED,F-IMEM-001,TP-IMEM-036
F-IMEM-005,FOLDED,F-IMEM-001,TP-REG-001
F-IMEM-006,ACTIVE,F-IMEM-006,TP-IMEM-006
F-IMEM-006,ACTIVE,F-IMEM-006,TP-IMEM-010
F-IMEM-006,ACTIVE,F-IMEM-006,TP-IMEM-037
F-IMEM-006,ACTIVE,F-IMEM-006,TP-REG-002
F-IMEM-007,ACTIVE,F-IMEM-007,TP-IMEM-007
F-IMEM-007,ACTIVE,F-IMEM-007,TP-IMEM-037
F-IMEM-007,ACTIVE,F-IMEM-007,TP-REG-002
F-IMEM-008,ACTIVE,F-IMEM-008,TP-IMEM-008
F-IMEM-008,ACTIVE,F-IMEM-008,TP-IMEM-010
F-IMEM-008,ACTIVE,F-IMEM-008,TP-IMEM-032
F-IMEM-008,ACTIVE,F-IMEM-008,TP-IMEM-037
F-IMEM-008,ACTIVE,F-IMEM-008,TP-REG-002
F-IMEM-008,ACTIVE,F-IMEM-008,TP-REG-004
F-IMEM-008,ACTIVE,F-IMEM-008,TP-REG-020
F-IMEM-008,ACTIVE,F-IMEM-008,TP-XIF-001
F-IMEM-009,ACTIVE,F-IMEM-009,TP-IMEM-009
F-IMEM-009,ACTIVE,F-IMEM-009,TP-IMEM-037
F-IMEM-009,ACTIVE,F-IMEM-009,TP-REG-002
F-IMEM-009,ACTIVE,F-IMEM-009,TP-REG-004
F-IMEM-009,ACTIVE,F-IMEM-009,TP-REG-020
F-IMEM-010,ACTIVE,F-IMEM-010,TP-IMEM-007
F-IMEM-010,ACTIVE,F-IMEM-010,TP-IMEM-036
F-IMEM-010,ACTIVE,F-IMEM-010,TP-REG-002
F-IMEM-011,ACTIVE,F-IMEM-011,TP-IMEM-011
F-IMEM-011,ACTIVE,F-IMEM-011,TP-IMEM-031
F-IMEM-011,ACTIVE,F-IMEM-011,TP-REG-003
F-IMEM-011,ACTIVE,F-IMEM-011,TP-XIF-005
F-IMEM-012,ALIAS,F-EXC-006,TP-IMEM-012
F-IMEM-012,ALIAS,F-EXC-006,TP-IMEM-034
F-IMEM-012,ALIAS,F-EXC-006,TP-REG-003
F-IMEM-012,ALIAS,F-EXC-006,TP-XIF-005
F-IMEM-012,ALIAS,F-EXC-006,TP-XIF-007
F-IMEM-013,ALIAS,F-EXC-005,TP-IMEM-013
F-IMEM-013,ALIAS,F-EXC-005,TP-IMEM-031
F-IMEM-013,ALIAS,F-EXC-005,TP-REG-003
F-IMEM-013,ALIAS,F-EXC-005,TP-XIF-005
F-IMEM-014,ACTIVE,F-IMEM-014,TP-IMEM-014
F-IMEM-014,ACTIVE,F-IMEM-014,TP-IMEM-031
F-IMEM-014,ACTIVE,F-IMEM-014,TP-REG-003
F-IMEM-014,ACTIVE,F-IMEM-014,TP-XIF-005
F-IMEM-015,ACTIVE,F-IMEM-015,TP-IMEM-015
F-IMEM-015,ACTIVE,F-IMEM-015,TP-IMEM-034
F-IMEM-015,ACTIVE,F-IMEM-015,TP-REG-003
F-IMEM-015,ACTIVE,F-IMEM-015,TP-XIF-007
F-IMEM-016,ACTIVE,F-IMEM-016,TP-IMEM-017
F-IMEM-016,ACTIVE,F-IMEM-016,TP-IMEM-035
F-IMEM-016,ACTIVE,F-IMEM-016,TP-REG-004
F-IMEM-016,ACTIVE,F-IMEM-016,TP-REG-020
F-IMEM-016,ACTIVE,F-IMEM-016,TP-XIF-007
F-IMEM-017,ACTIVE,F-IMEM-017,TP-IMEM-018
F-IMEM-017,ACTIVE,F-IMEM-017,TP-IMEM-035
F-IMEM-017,ACTIVE,F-IMEM-017,TP-REG-001
F-IMEM-017,ACTIVE,F-IMEM-017,TP-XIF-007
F-IMEM-018,ALIAS,F-IC-037,TP-IC-041
F-IMEM-018,ALIAS,F-IC-037,TP-IMEM-019
F-IMEM-018,ALIAS,F-IC-037,TP-IMEM-034
F-IMEM-019,ACTIVE,F-IMEM-019,TP-IMEM-020
F-IMEM-019,ACTIVE,F-IMEM-019,TP-IMEM-038
F-IMEM-020,FOLDED,F-IMEM-019,TP-IMEM-021
F-IMEM-020,FOLDED,F-IMEM-019,TP-IMEM-038
F-IMEM-021,ACTIVE,F-IMEM-021,TP-IMEM-022
F-IMEM-021,ACTIVE,F-IMEM-021,TP-XIF-004
F-IMEM-022,ALIAS,F-RST-010,TP-IMEM-023
F-IMEM-022,ALIAS,F-RST-010,TP-REG-012
F-IMEM-022,ALIAS,F-RST-010,TP-REG-018
F-IMEM-022,ALIAS,F-RST-010,TP-XIF-016
F-IMEM-023,FOLDED,F-RST-010,TP-IMEM-024
F-IMEM-023,FOLDED,F-RST-010,TP-REG-012
F-IMEM-023,FOLDED,F-RST-010,TP-XIF-016
F-IMEM-024,ACTIVE,F-IMEM-024,TP-IMEM-025
F-IMEM-024,ACTIVE,F-IMEM-024,TP-REG-012
F-IMEM-024,ACTIVE,F-IMEM-024,TP-XIF-016
F-IMEM-025,ALIAS,F-RST-012,TP-IMEM-026
F-IMEM-025,ALIAS,F-RST-012,TP-REG-012
F-IMEM-025,ALIAS,F-RST-012,TP-XIF-016
F-IMEM-026,ALIAS,F-RST-002,TP-IMEM-027
F-IMEM-026,ALIAS,F-RST-002,TP-IMEM-028
F-IMEM-027,ACTIVE,F-IMEM-027,TP-IMEM-016
F-IMEM-027,ACTIVE,F-IMEM-027,TP-IMEM-031
F-IMEM-027,ACTIVE,F-IMEM-027,TP-REG-026
F-IMEM-028,ACTIVE,F-IMEM-028,TP-IMEM-030
F-IMEM-029,ACTIVE,F-IMEM-029,TP-IMEM-004
F-IMEM-029,ACTIVE,F-IMEM-029,TP-IMEM-036
F-IMEM-030,ACTIVE,F-IMEM-030,TP-IMEM-029
F-IMEM-030,ACTIVE,F-IMEM-030,TP-IMEM-032
F-IMEM-030,ACTIVE,F-IMEM-030,TP-IMEM-033
F-IMEM-030,ACTIVE,F-IMEM-030,TP-IMEM-038
F-IMEM-031,ACTIVE,F-IMEM-031,TP-IMEM-039
F-IMEM-032,ACTIVE,F-IMEM-032,TP-IMEM-040
F-IRQ-001,ACTIVE,F-IRQ-001,TP-IRQ-001
F-IRQ-001,ACTIVE,F-IRQ-001,TP-IRQ-002
F-IRQ-001,ACTIVE,F-IRQ-001,TP-IRQ-003
F-IRQ-001,ACTIVE,F-IRQ-001,TP-IRQ-004
F-IRQ-001,ACTIVE,F-IRQ-001,TP-REG-008
F-IRQ-001,ACTIVE,F-IRQ-001,TP-REG-018
F-IRQ-001,ACTIVE,F-IRQ-001,TP-REG-019
F-IRQ-002,ACTIVE,F-IRQ-002,TP-IRQ-001
F-IRQ-002,ACTIVE,F-IRQ-002,TP-IRQ-071
F-IRQ-002,ACTIVE,F-IRQ-002,TP-REG-008
F-IRQ-003,ACTIVE,F-IRQ-003,TP-IRQ-008
F-IRQ-004,ALIAS,F-CSR-032,TP-IRQ-009
F-IRQ-005,ALIAS,F-CSR-033,TP-IRQ-010
F-IRQ-006,ACTIVE,F-IRQ-006,TP-IRQ-011
F-IRQ-006,ACTIVE,F-IRQ-006,TP-IRQ-070
F-IRQ-006,ACTIVE,F-IRQ-006,TP-IRQ-071
F-IRQ-007,ACTIVE,F-IRQ-007,TP-IRQ-012
F-IRQ-007,ACTIVE,F-IRQ-007,TP-IRQ-070
F-IRQ-007,ACTIVE,F-IRQ-007,TP-IRQ-077
F-IRQ-008,ACTIVE,F-IRQ-008,TP-IRQ-013
F-IRQ-008,ACTIVE,F-IRQ-008,TP-IRQ-074
F-IRQ-008,ACTIVE,F-IRQ-008,TP-REG-016
F-IRQ-008,ACTIVE,F-IRQ-008,TP-XIF-020
F-IRQ-009,ACTIVE,F-IRQ-009,TP-IRQ-014
F-IRQ-009,ACTIVE,F-IRQ-009,TP-IRQ-071
F-IRQ-009,ACTIVE,F-IRQ-009,TP-REG-009
F-IRQ-010,FOLDED,F-IRQ-009,TP-IRQ-015
F-IRQ-010,FOLDED,F-IRQ-009,TP-REG-009
F-IRQ-011,FOLDED,F-IRQ-009,TP-IRQ-016
F-IRQ-011,FOLDED,F-IRQ-009,TP-REG-008
F-IRQ-012,ACTIVE,F-IRQ-012,TP-IRQ-001
F-IRQ-012,ACTIVE,F-IRQ-012,TP-IRQ-004
F-IRQ-012,ACTIVE,F-IRQ-012,TP-IRQ-017
F-IRQ-012,ACTIVE,F-IRQ-012,TP-IRQ-071
F-IRQ-013,ALIAS,F-CSR-035,TP-IRQ-018
F-IRQ-014,ALIAS,F-CSR-035,TP-IRQ-019
F-IRQ-015,FOLDED,F-IRQ-012,TP-IRQ-020
F-IRQ-015,FOLDED,F-IRQ-012,TP-IRQ-077
F-IRQ-016,ACTIVE,F-IRQ-016,TP-IRQ-021
F-IRQ-016,ACTIVE,F-IRQ-016,TP-IRQ-079
F-IRQ-016,ACTIVE,F-IRQ-016,TP-IRQ-080
F-IRQ-016,ACTIVE,F-IRQ-016,TP-REG-022
F-IRQ-017,FOLDED,F-IRQ-016,TP-IRQ-022
F-IRQ-017,FOLDED,F-IRQ-016,TP-IRQ-072
F-IRQ-017,FOLDED,F-IRQ-016,TP-XIF-001
F-IRQ-017,FOLDED,F-IRQ-016,TP-XIF-008
F-IRQ-018,ACTIVE,F-IRQ-018,TP-IRQ-023
F-IRQ-018,ACTIVE,F-IRQ-018,TP-IRQ-072
F-IRQ-018,ACTIVE,F-IRQ-018,TP-XIF-008
F-IRQ-019,ALIAS,F-MUL-023,TP-IRQ-024
F-IRQ-020,ACTIVE,F-IRQ-020,TP-IRQ-025
F-IRQ-020,ACTIVE,F-IRQ-020,TP-IRQ-076
F-IRQ-020,ACTIVE,F-IRQ-020,TP-REG-025
F-IRQ-020,ACTIVE,F-IRQ-020,TP-XIF-011
F-IRQ-021,ACTIVE,F-IRQ-021,TP-EXC-072
F-IRQ-021,ACTIVE,F-IRQ-021,TP-IRQ-026
F-IRQ-021,ACTIVE,F-IRQ-021,TP-XIF-005
F-IRQ-022,FOLDED,F-EXC-035,TP-EXC-072
F-IRQ-022,FOLDED,F-EXC-035,TP-IRQ-027
F-IRQ-022,FOLDED,F-EXC-035,TP-IRQ-072
F-IRQ-022,FOLDED,F-EXC-035,TP-XIF-001
F-IRQ-022,FOLDED,F-EXC-035,TP-XIF-008
F-IRQ-023,ACTIVE,F-IRQ-023,TP-IRQ-028
F-IRQ-023,ACTIVE,F-IRQ-023,TP-XIF-015
F-IRQ-024,ACTIVE,F-IRQ-024,TP-IRQ-029
F-IRQ-024,ACTIVE,F-IRQ-024,TP-IRQ-075
F-IRQ-024,ACTIVE,F-IRQ-024,TP-IRQ-080
F-IRQ-024,ACTIVE,F-IRQ-024,TP-XIF-015
F-IRQ-025,ACTIVE,F-IRQ-025,TP-IRQ-030
F-IRQ-025,ACTIVE,F-IRQ-025,TP-IRQ-071
F-IRQ-025,ACTIVE,F-IRQ-025,TP-REG-010
F-IRQ-025,ACTIVE,F-IRQ-025,TP-REG-022
F-IRQ-026,FOLDED,F-IRQ-009,TP-IRQ-031
F-IRQ-026,FOLDED,F-IRQ-009,TP-REG-010
F-IRQ-027,FOLDED,F-IRQ-016,TP-IRQ-032
F-IRQ-027,FOLDED,F-IRQ-016,TP-IRQ-071
F-IRQ-027,FOLDED,F-IRQ-016,TP-REG-008
F-IRQ-027,FOLDED,F-IRQ-016,TP-REG-010
F-IRQ-027,FOLDED,F-IRQ-016,TP-REG-022
F-IRQ-028,ACTIVE,F-IRQ-028,TP-IRQ-033
F-IRQ-029,FOLDED,F-IRQ-016,TP-IRQ-034
F-IRQ-029,FOLDED,F-IRQ-016,TP-IRQ-074
F-IRQ-029,FOLDED,F-IRQ-016,TP-XIF-015
F-IRQ-029,FOLDED,F-IRQ-016,TP-XIF-020
F-IRQ-030,ACTIVE,F-IRQ-030,TP-IRQ-007
F-IRQ-030,ACTIVE,F-IRQ-030,TP-IRQ-078
F-IRQ-030,ACTIVE,F-IRQ-030,TP-REG-009
F-IRQ-030,ACTIVE,F-IRQ-030,TP-XIF-003
F-IRQ-031,ACTIVE,F-IRQ-031,TP-IRQ-035
F-IRQ-032,ACTIVE,F-IRQ-032,TP-IRQ-036
F-IRQ-032,ACTIVE,F-IRQ-032,TP-IRQ-079
F-IRQ-033,ALIAS,F-IRQ-030,TP-IRQ-037
F-IRQ-034,FOLDED,F-IRQ-009,TP-IRQ-038
F-IRQ-034,FOLDED,F-IRQ-009,TP-IRQ-073
F-IRQ-034,FOLDED,F-IRQ-009,TP-IRQ-079
F-IRQ-034,FOLDED,F-IRQ-009,TP-REG-009
F-IRQ-035,ACTIVE,F-IRQ-035,TP-EXC-070
F-IRQ-035,ACTIVE,F-IRQ-035,TP-IRQ-039
F-IRQ-035,ACTIVE,F-IRQ-035,TP-XIF-003
F-IRQ-036,ACTIVE,F-IRQ-036,TP-IRQ-040
F-IRQ-037,ACTIVE,F-IRQ-037,TP-IRQ-041
F-IRQ-037,ACTIVE,F-IRQ-037,TP-IRQ-075
F-IRQ-038,FOLDED,F-IRQ-030,TP-IRQ-042
F-IRQ-038,FOLDED,F-IRQ-030,TP-IRQ-075
F-IRQ-038,FOLDED,F-IRQ-030,TP-XIF-015
F-IRQ-039,ALIAS,F-DBG-056,TP-IRQ-043
F-IRQ-039,ALIAS,F-DBG-056,TP-IRQ-075
F-IRQ-039,ALIAS,F-DBG-056,TP-IRQ-080
F-IRQ-039,ALIAS,F-DBG-056,TP-XIF-020
F-IRQ-040,ACTIVE,F-IRQ-040,TP-IRQ-044
F-IRQ-040,ACTIVE,F-IRQ-040,TP-IRQ-073
F-IRQ-040,ACTIVE,F-IRQ-040,TP-XIF-003
F-IRQ-041,ACTIVE,F-IRQ-041,TP-IRQ-045
F-IRQ-041,ACTIVE,F-IRQ-041,TP-IRQ-073
F-IRQ-041,ACTIVE,F-IRQ-041,TP-XIF-003
F-IRQ-042,ACTIVE,F-IRQ-042,TP-IRQ-046
F-IRQ-043,ACTIVE,F-IRQ-043,TP-IRQ-047
F-IRQ-043,ACTIVE,F-IRQ-043,TP-IRQ-073
F-IRQ-044,ACTIVE,F-IRQ-044,TP-IRQ-048
F-IRQ-045,ACTIVE,F-IRQ-045,TP-IRQ-049
F-IRQ-045,ACTIVE,F-IRQ-045,TP-IRQ-068
F-IRQ-045,ACTIVE,F-IRQ-045,TP-REG-023
F-IRQ-045,ACTIVE,F-IRQ-045,TP-XIF-004
F-IRQ-046,FOLDED,F-IRQ-045,TP-IRQ-050
F-IRQ-046,FOLDED,F-IRQ-045,TP-IRQ-074
F-IRQ-046,FOLDED,F-IRQ-045,TP-XIF-004
F-IRQ-047,FOLDED,F-IRQ-045,TP-IRQ-051
F-IRQ-047,FOLDED,F-IRQ-045,TP-XIF-004
F-IRQ-048,ACTIVE,F-IRQ-048,TP-IRQ-052
F-IRQ-048,ACTIVE,F-IRQ-048,TP-XIF-004
F-IRQ-049,FOLDED,F-IRQ-045,TP-IRQ-053
F-IRQ-049,FOLDED,F-IRQ-045,TP-XIF-004
F-IRQ-050,ACTIVE,F-IRQ-050,TP-IRQ-054
F-IRQ-050,ACTIVE,F-IRQ-050,TP-IRQ-075
F-IRQ-050,ACTIVE,F-IRQ-050,TP-XIF-004
F-IRQ-051,ACTIVE,F-IRQ-051,TP-IRQ-055
F-IRQ-051,ACTIVE,F-IRQ-051,TP-IRQ-069
F-IRQ-051,ACTIVE,F-IRQ-051,TP-XIF-004
F-IRQ-052,FOLDED,F-IRQ-045,TP-IRQ-056
F-IRQ-052,FOLDED,F-IRQ-045,TP-REG-010
F-IRQ-053,FOLDED,F-IRQ-045,TP-IRQ-057
F-IRQ-053,FOLDED,F-IRQ-045,TP-IRQ-074
F-IRQ-053,FOLDED,F-IRQ-045,TP-XIF-020
F-IRQ-054,ACTIVE,F-IRQ-054,TP-IRQ-058
F-IRQ-054,ACTIVE,F-IRQ-054,TP-XIF-004
F-IRQ-055,ACTIVE,F-IRQ-055,TP-IRQ-059
F-IRQ-055,ACTIVE,F-IRQ-055,TP-XIF-017
F-IRQ-056,ALIAS,F-RST-015,TP-IRQ-060
F-IRQ-056,ALIAS,F-RST-015,TP-XIF-016
F-IRQ-057,ACTIVE,F-IRQ-057,TP-IRQ-061
F-IRQ-058,FOLDED,F-IRQ-002,TP-IRQ-062
F-IRQ-059,ALIAS,F-CSR-026,TP-IRQ-063
F-IRQ-059,ALIAS,F-CSR-026,TP-IRQ-077
F-IRQ-059,ALIAS,F-CSR-026,TP-XIF-014
F-IRQ-060,ACTIVE,F-IRQ-060,TP-IRQ-064
F-IRQ-060,ACTIVE,F-IRQ-060,TP-IRQ-077
F-IRQ-060,ACTIVE,F-IRQ-060,TP-XIF-014
F-IRQ-061,FOLDED,F-IRQ-012,TP-IRQ-006
F-IRQ-061,FOLDED,F-IRQ-012,TP-REG-009
F-IRQ-062,FOLDED,F-IRQ-012,TP-IRQ-005
F-IRQ-062,FOLDED,F-IRQ-012,TP-REG-009
F-IRQ-063,FOLDED,F-IRQ-009,TP-IRQ-002
F-IRQ-063,FOLDED,F-IRQ-009,TP-IRQ-065
F-IRQ-063,FOLDED,F-IRQ-009,TP-REG-009
F-IRQ-064,FOLDED,F-IRQ-045,TP-IRQ-066
F-IRQ-064,FOLDED,F-IRQ-045,TP-XIF-004
F-IRQ-065,ALIAS,F-RST-006,TP-IRQ-059
F-IRQ-065,ALIAS,F-RST-006,TP-IRQ-067
F-IRQ-066,ACTIVE,F-IRQ-066,TP-IRQ-078
F-ISA-001,ACTIVE,F-ISA-001,TP-ADOPT-003
F-ISA-001,ACTIVE,F-ISA-001,TP-ISA-001
F-ISA-001,ACTIVE,F-ISA-001,TP-ISA-054
F-ISA-001,ACTIVE,F-ISA-001,TP-REG-015
F-ISA-001,ACTIVE,F-ISA-001,TP-REG-018
F-ISA-002,ACTIVE,F-ISA-002,TP-ADOPT-003
F-ISA-002,ACTIVE,F-ISA-002,TP-ISA-002
F-ISA-003,ACTIVE,F-ISA-003,TP-ISA-003
F-ISA-004,ACTIVE,F-ISA-004,TP-ISA-004
F-ISA-005,ACTIVE,F-ISA-005,TP-ISA-005
F-ISA-005,ACTIVE,F-ISA-005,TP-ISA-054
F-ISA-006,ACTIVE,F-ISA-006,TP-ISA-006
F-ISA-007,ACTIVE,F-ISA-007,TP-ADOPT-003
F-ISA-007,ACTIVE,F-ISA-007,TP-ISA-007
F-ISA-007,ACTIVE,F-ISA-007,TP-ISA-054
F-ISA-008,ACTIVE,F-ISA-008,TP-ADOPT-003
F-ISA-008,ACTIVE,F-ISA-008,TP-ISA-008
F-ISA-009,ACTIVE,F-ISA-009,TP-ISA-009
F-ISA-010,ACTIVE,F-ISA-010,TP-ISA-010
F-ISA-010,ACTIVE,F-ISA-010,TP-ISA-054
F-ISA-011,ACTIVE,F-ISA-011,TP-ISA-011
F-ISA-012,ACTIVE,F-ISA-012,TP-ISA-012
F-ISA-012,ACTIVE,F-ISA-012,TP-ISA-056
F-ISA-013,ACTIVE,F-ISA-013,TP-ISA-013
F-ISA-013,ACTIVE,F-ISA-013,TP-ISA-054
F-ISA-014,ACTIVE,F-ISA-014,TP-ISA-014
F-ISA-015,ACTIVE,F-ISA-015,TP-ADOPT-003
F-ISA-015,ACTIVE,F-ISA-015,TP-ISA-015
F-ISA-015,ACTIVE,F-ISA-015,TP-ISA-054
F-ISA-016,ACTIVE,F-ISA-016,TP-ADOPT-003
F-ISA-016,ACTIVE,F-ISA-016,TP-ISA-016
F-ISA-017,FOLDED,F-ISA-015,TP-ISA-017
F-ISA-018,ACTIVE,F-ISA-018,TP-ADOPT-004
F-ISA-018,ACTIVE,F-ISA-018,TP-ISA-018
F-ISA-018,ACTIVE,F-ISA-018,TP-ISA-054
F-ISA-019,ACTIVE,F-ISA-019,TP-ISA-019
F-ISA-020,ACTIVE,F-ISA-020,TP-ADOPT-004
F-ISA-020,ACTIVE,F-ISA-020,TP-ISA-020
F-ISA-021,ACTIVE,F-ISA-021,TP-ISA-021
F-ISA-021,ACTIVE,F-ISA-021,TP-ISA-056
F-ISA-022,ACTIVE,F-ISA-022,TP-ADOPT-004
F-ISA-022,ACTIVE,F-ISA-022,TP-ISA-022
F-ISA-023,ACTIVE,F-ISA-023,TP-ADOPT-002
F-ISA-023,ACTIVE,F-ISA-023,TP-ADOPT-003
F-ISA-023,ACTIVE,F-ISA-023,TP-ISA-023
F-ISA-023,ACTIVE,F-ISA-023,TP-ISA-054
F-ISA-023,ACTIVE,F-ISA-023,TP-REG-015
F-ISA-024,ALIAS,F-BTALU-001,TP-ADOPT-002
F-ISA-024,ALIAS,F-BTALU-001,TP-ISA-024
F-ISA-025,ACTIVE,F-ISA-025,TP-ISA-025
F-ISA-025,ACTIVE,F-ISA-025,TP-ISA-056
F-ISA-026,ACTIVE,F-ISA-026,TP-ADOPT-003
F-ISA-026,ACTIVE,F-ISA-026,TP-ISA-026
F-ISA-027,ACTIVE,F-ISA-027,TP-ISA-027
F-ISA-028,ACTIVE,F-ISA-028,TP-ISA-028
F-ISA-028,ACTIVE,F-ISA-028,TP-ISA-056
F-ISA-029,ACTIVE,F-ISA-029,TP-ISA-029
F-ISA-029,ACTIVE,F-ISA-029,TP-ISA-054
F-ISA-030,ACTIVE,F-ISA-030,TP-ISA-030
F-ISA-030,ACTIVE,F-ISA-030,TP-XIF-006
F-ISA-031,ACTIVE,F-ISA-031,TP-ISA-031
F-ISA-031,ACTIVE,F-ISA-031,TP-ISA-056
F-ISA-032,ACTIVE,F-ISA-032,TP-ISA-032
F-ISA-032,ACTIVE,F-ISA-032,TP-ISA-055
F-ISA-033,FOLDED,F-ISA-032,TP-ISA-033
F-ISA-033,FOLDED,F-ISA-032,TP-ISA-055
F-ISA-034,ACTIVE,F-ISA-034,TP-ISA-034
F-ISA-034,ACTIVE,F-ISA-034,TP-ISA-055
F-ISA-035,ALIAS,F-DBG-017,TP-ISA-035
F-ISA-036,ACTIVE,F-ISA-036,TP-ISA-036
F-ISA-036,ACTIVE,F-ISA-036,TP-ISA-055
F-ISA-037,ALIAS,F-PRV-010,TP-ISA-037
F-ISA-038,ACTIVE,F-ISA-038,TP-ISA-038
F-ISA-039,ALIAS,F-DBG-032,TP-ISA-039
F-ISA-040,ACTIVE,F-ISA-040,TP-ISA-040
F-ISA-040,ACTIVE,F-ISA-040,TP-ISA-055
F-ISA-041,ALIAS,F-PRV-016,TP-ISA-041
F-ISA-042,ALIAS,F-EXC-013,TP-ISA-042
F-ISA-042,ALIAS,F-EXC-013,TP-ISA-056
F-ISA-042,ALIAS,F-EXC-013,TP-ISA-057
F-ISA-043,ACTIVE,F-ISA-043,TP-ISA-043
F-ISA-043,ACTIVE,F-ISA-043,TP-ISA-054
F-ISA-043,ACTIVE,F-ISA-043,TP-ISA-055
F-ISA-044,ALIAS,F-CSR-002,TP-ISA-044
F-ISA-044,ALIAS,F-CSR-002,TP-ISA-055
F-ISA-045,ALIAS,F-CSR-003,TP-ISA-045
F-ISA-045,ALIAS,F-CSR-003,TP-ISA-055
F-ISA-046,ALIAS,F-CSR-005,TP-ISA-046
F-ISA-046,ALIAS,F-CSR-005,TP-ISA-056
F-ISA-047,ALIAS,F-EXC-008,TP-ISA-047
F-ISA-047,ALIAS,F-EXC-008,TP-ISA-056
F-ISA-047,ALIAS,F-EXC-008,TP-ISA-057
F-ISA-048,ACTIVE,F-ISA-048,TP-ISA-048
F-ISA-048,ACTIVE,F-ISA-048,TP-ISA-056
F-ISA-049,ACTIVE,F-ISA-049,TP-ISA-049
F-ISA-049,ACTIVE,F-ISA-049,TP-ISA-056
F-ISA-050,ALIAS,F-EXC-016,TP-ISA-050
F-ISA-050,ALIAS,F-EXC-016,TP-ISA-051
F-ISA-051,ACTIVE,F-ISA-051,TP-ISA-004
F-ISA-051,ACTIVE,F-ISA-051,TP-ISA-052
F-ISA-052,ALIAS,F-EXC-067,TP-ISA-053
F-MUL-001,ACTIVE,F-MUL-001,TP-MUL-001
F-MUL-001,ACTIVE,F-MUL-001,TP-MUL-028
F-MUL-001,ACTIVE,F-MUL-001,TP-REG-015
F-MUL-002,ACTIVE,F-MUL-002,TP-MUL-002
F-MUL-003,ACTIVE,F-MUL-003,TP-MUL-003
F-MUL-003,ACTIVE,F-MUL-003,TP-MUL-028
F-MUL-004,ACTIVE,F-MUL-004,TP-MUL-004
F-MUL-005,ACTIVE,F-MUL-005,TP-MUL-005
F-MUL-005,ACTIVE,F-MUL-005,TP-MUL-028
F-MUL-006,ACTIVE,F-MUL-006,TP-MUL-006
F-MUL-007,ACTIVE,F-MUL-007,TP-MUL-007
F-MUL-007,ACTIVE,F-MUL-007,TP-MUL-028
F-MUL-008,ACTIVE,F-MUL-008,TP-MUL-008
F-MUL-009,ACTIVE,F-MUL-009,TP-MUL-009
F-MUL-009,ACTIVE,F-MUL-009,TP-MUL-028
F-MUL-010,FOLDED,F-MUL-003,TP-MUL-010
F-MUL-010,FOLDED,F-MUL-003,TP-MUL-028
F-MUL-011,ACTIVE,F-MUL-011,TP-MUL-011
F-MUL-011,ACTIVE,F-MUL-011,TP-MUL-028
F-MUL-012,ACTIVE,F-MUL-012,TP-MUL-012
F-MUL-012,ACTIVE,F-MUL-012,TP-MUL-028
F-MUL-012,ACTIVE,F-MUL-012,TP-MUL-029
F-MUL-013,ACTIVE,F-MUL-013,TP-MUL-013
F-MUL-013,ACTIVE,F-MUL-013,TP-MUL-028
F-MUL-014,ACTIVE,F-MUL-014,TP-MUL-014
F-MUL-014,ACTIVE,F-MUL-014,TP-MUL-028
F-MUL-015,ACTIVE,F-MUL-015,TP-MUL-015
F-MUL-015,ACTIVE,F-MUL-015,TP-MUL-028
F-MUL-016,ACTIVE,F-MUL-016,TP-MUL-016
F-MUL-016,ACTIVE,F-MUL-016,TP-MUL-029
F-MUL-017,ACTIVE,F-MUL-017,TP-MUL-017
F-MUL-017,ACTIVE,F-MUL-017,TP-MUL-029
F-MUL-018,ACTIVE,F-MUL-018,TP-MUL-018
F-MUL-019,FOLDED,F-MUL-012,TP-MUL-019
F-MUL-020,ACTIVE,F-MUL-020,TP-MUL-020
F-MUL-021,ACTIVE,F-MUL-021,TP-MUL-021
F-MUL-022,ACTIVE,F-MUL-022,TP-MUL-022
F-MUL-022,ACTIVE,F-MUL-022,TP-MUL-029
F-MUL-023,ACTIVE,F-MUL-023,TP-MUL-023
F-MUL-023,ACTIVE,F-MUL-023,TP-MUL-028
F-MUL-024,ACTIVE,F-MUL-024,TP-MUL-024
F-MUL-024,ACTIVE,F-MUL-024,TP-MUL-028
F-MUL-025,ACTIVE,F-MUL-025,TP-ADOPT-001
F-MUL-025,ACTIVE,F-MUL-025,TP-MUL-025
F-MUL-025,ACTIVE,F-MUL-025,TP-MUL-028
F-MUL-026,ACTIVE,F-MUL-026,TP-MUL-026
F-MUL-027,ALIAS,F-CMP-038,TP-MUL-027
F-MUL-028,ACTIVE,F-MUL-028,TP-MUL-030
F-PMC-001,ACTIVE,F-PMC-001,TP-PMC-001
F-PMC-001,ACTIVE,F-PMC-001,TP-PMC-055
F-PMC-001,ACTIVE,F-PMC-001,TP-PMC-056
F-PMC-002,FOLDED,F-PMC-001,TP-PMC-002
F-PMC-002,FOLDED,F-PMC-001,TP-PMC-003
F-PMC-003,FOLDED,F-PMC-001,TP-PMC-004
F-PMC-004,ACTIVE,F-PMC-004,TP-PMC-005
F-PMC-005,ACTIVE,F-PMC-005,TP-PMC-006
F-PMC-006,ACTIVE,F-PMC-006,TP-PMC-007
F-PMC-007,ACTIVE,F-PMC-007,TP-PMC-008
F-PMC-007,ACTIVE,F-PMC-007,TP-PMC-009
F-PMC-007,ACTIVE,F-PMC-007,TP-PMC-055
F-PMC-008,FOLDED,F-PMC-007,TP-PMC-010
F-PMC-009,ACTIVE,F-PMC-009,TP-PMC-011
F-PMC-010,ACTIVE,F-PMC-010,TP-PMC-012
F-PMC-011,ACTIVE,F-PMC-011,TP-PMC-013
F-PMC-012,ACTIVE,F-PMC-012,TP-PMC-014
F-PMC-013,FOLDED,F-PMC-007,TP-PMC-015
F-PMC-014,ACTIVE,F-PMC-014,TP-PMC-016
F-PMC-015,ACTIVE,F-PMC-015,TP-PMC-017
F-PMC-016,ACTIVE,F-PMC-016,TP-PMC-018
F-PMC-017,ACTIVE,F-PMC-017,TP-PMC-019
F-PMC-018,ACTIVE,F-PMC-018,TP-PMC-020
F-PMC-019,ACTIVE,F-PMC-019,TP-PMC-021
F-PMC-020,ACTIVE,F-PMC-020,TP-PMC-022
F-PMC-021,ACTIVE,F-PMC-021,TP-PMC-023
F-PMC-021,ACTIVE,F-PMC-021,TP-PMC-055
F-PMC-021,ACTIVE,F-PMC-021,TP-PMC-056
F-PMC-022,ALIAS,F-CSR-060,TP-PMC-024
F-PMC-023,FOLDED,F-PMC-021,TP-PMC-025
F-PMC-024,ACTIVE,F-PMC-024,TP-PMC-026
F-PMC-025,ACTIVE,F-PMC-025,TP-PMC-027
F-PMC-025,ACTIVE,F-PMC-025,TP-PMC-057
F-PMC-025,ACTIVE,F-PMC-025,TP-REG-027
F-PMC-026,ACTIVE,F-PMC-026,TP-PMC-028
F-PMC-026,ACTIVE,F-PMC-026,TP-PMC-057
F-PMC-027,ACTIVE,F-PMC-027,TP-PMC-029
F-PMC-027,ACTIVE,F-PMC-027,TP-PMC-055
F-PMC-028,ACTIVE,F-PMC-028,TP-PMC-030
F-PMC-029,ALIAS,F-CSR-011,TP-PMC-031
F-PMC-030,ACTIVE,F-PMC-030,TP-PMC-032
F-PMC-031,FOLDED,F-PMC-021,TP-PMC-033
F-PMC-032,ACTIVE,F-PMC-032,TP-PMC-034
F-PMC-032,ACTIVE,F-PMC-032,TP-PMC-055
F-PMC-033,ACTIVE,F-PMC-033,TP-PMC-035
F-PMC-033,ACTIVE,F-PMC-033,TP-PMC-055
F-PMC-034,ACTIVE,F-PMC-034,TP-PMC-036
F-PMC-034,ACTIVE,F-PMC-034,TP-PMC-055
F-PMC-035,FOLDED,F-PMC-034,TP-PMC-037
F-PMC-036,ACTIVE,F-PMC-036,TP-PMC-038
F-PMC-036,ACTIVE,F-PMC-036,TP-PMC-055
F-PMC-037,FOLDED,F-PMC-034,TP-PMC-039
F-PMC-038,ACTIVE,F-PMC-038,TP-ADOPT-004
F-PMC-038,ACTIVE,F-PMC-038,TP-PMC-040
F-PMC-038,ACTIVE,F-PMC-038,TP-PMC-055
F-PMC-038,ACTIVE,F-PMC-038,TP-PMC-061
F-PMC-039,ACTIVE,F-PMC-039,TP-ADOPT-002
F-PMC-039,ACTIVE,F-PMC-039,TP-PMC-041
F-PMC-039,ACTIVE,F-PMC-039,TP-PMC-055
F-PMC-039,ACTIVE,F-PMC-039,TP-PMC-058
F-PMC-040,ACTIVE,F-PMC-040,TP-ADOPT-002
F-PMC-040,ACTIVE,F-PMC-040,TP-PMC-042
F-PMC-040,ACTIVE,F-PMC-040,TP-PMC-055
F-PMC-041,ACTIVE,F-PMC-041,TP-PMC-043
F-PMC-042,ACTIVE,F-PMC-042,TP-PMC-044
F-PMC-042,ACTIVE,F-PMC-042,TP-PMC-055
F-PMC-043,ACTIVE,F-PMC-043,TP-PMC-045
F-PMC-043,ACTIVE,F-PMC-043,TP-PMC-055
F-PMC-043,ACTIVE,F-PMC-043,TP-PMC-059
F-PMC-044,ACTIVE,F-PMC-044,TP-PMC-046
F-PMC-044,ACTIVE,F-PMC-044,TP-PMC-055
F-PMC-044,ACTIVE,F-PMC-044,TP-PMC-060
F-PMC-045,ACTIVE,F-PMC-045,TP-PMC-047
F-PMC-046,ACTIVE,F-PMC-046,TP-PMC-048
F-PMC-047,ACTIVE,F-PMC-047,TP-PMC-003
F-PMC-047,ACTIVE,F-PMC-047,TP-PMC-049
F-PMC-048,FOLDED,F-PMC-007,TP-PMC-050
F-PMC-049,ACTIVE,F-PMC-049,TP-PMC-051
F-PMC-050,ACTIVE,F-PMC-050,TP-PMC-052
F-PMC-051,FOLDED,F-PMC-001,TP-PMC-007
F-PMC-051,FOLDED,F-PMC-001,TP-PMC-053
F-PMC-052,FOLDED,F-PMC-007,TP-PMC-054
F-PMC-053,ACTIVE,F-PMC-053,TP-PMC-058
F-PMC-053,ACTIVE,F-PMC-053,TP-PMC-059
F-PMC-053,ACTIVE,F-PMC-053,TP-PMC-060
F-PMP-001,ACTIVE,F-PMP-001,TP-PMP-001
F-PMP-001,ACTIVE,F-PMP-001,TP-PMP-100
F-PMP-001,ACTIVE,F-PMP-001,TP-PMP-106
F-PMP-001,ACTIVE,F-PMP-001,TP-PMP-111
F-PMP-002,ACTIVE,F-PMP-002,TP-PMP-002
F-PMP-002,ACTIVE,F-PMP-002,TP-PMP-100
F-PMP-002,ACTIVE,F-PMP-002,TP-PMP-106
F-PMP-003,FOLDED,F-PMP-001,TP-PMP-003
F-PMP-004,ACTIVE,F-PMP-004,TP-PMP-004
F-PMP-005,FOLDED,F-PMP-001,TP-PMP-005
F-PMP-006,ACTIVE,F-PMP-006,TP-PMP-006
F-PMP-006,ACTIVE,F-PMP-006,TP-PMP-111
F-PMP-006,ACTIVE,F-PMP-006,TP-REG-017
F-PMP-006,ACTIVE,F-PMP-006,TP-REG-018
F-PMP-007,ACTIVE,F-PMP-007,TP-PMP-013
F-PMP-007,ACTIVE,F-PMP-007,TP-PMP-109
F-PMP-007,ACTIVE,F-PMP-007,TP-PMP-112
F-PMP-008,ACTIVE,F-PMP-008,TP-PMP-014
F-PMP-008,ACTIVE,F-PMP-008,TP-PMP-109
F-PMP-008,ACTIVE,F-PMP-008,TP-PMP-112
F-PMP-009,ACTIVE,F-PMP-009,TP-PMP-015
F-PMP-009,ACTIVE,F-PMP-009,TP-PMP-109
F-PMP-009,ACTIVE,F-PMP-009,TP-PMP-112
F-PMP-010,FOLDED,F-PMP-009,TP-PMP-016
F-PMP-010,FOLDED,F-PMP-009,TP-PMP-109
F-PMP-011,FOLDED,F-PMP-009,TP-PMP-017
F-PMP-011,FOLDED,F-PMP-009,TP-PMP-109
F-PMP-012,ACTIVE,F-PMP-012,TP-PMP-018
F-PMP-012,ACTIVE,F-PMP-012,TP-PMP-109
F-PMP-013,ACTIVE,F-PMP-013,TP-PMP-019
F-PMP-013,ACTIVE,F-PMP-013,TP-PMP-109
F-PMP-014,ACTIVE,F-PMP-014,TP-PMP-002
F-PMP-014,ACTIVE,F-PMP-014,TP-PMP-037
F-PMP-014,ACTIVE,F-PMP-014,TP-PMP-042
F-PMP-015,ACTIVE,F-PMP-015,TP-PMP-010
F-PMP-015,ACTIVE,F-PMP-015,TP-PMP-107
F-PMP-015,ACTIVE,F-PMP-015,TP-REG-028
F-PMP-016,ACTIVE,F-PMP-016,TP-PMP-008
F-PMP-017,FOLDED,F-PMP-016,TP-PMP-009
F-PMP-017,FOLDED,F-PMP-016,TP-PMP-104
F-PMP-018,ACTIVE,F-PMP-018,TP-PMP-007
F-PMP-018,ACTIVE,F-PMP-018,TP-PMP-109
F-PMP-019,FOLDED,F-PMP-007,TP-PMP-013
F-PMP-019,FOLDED,F-PMP-007,TP-PMP-109
F-PMP-020,ACTIVE,F-PMP-020,TP-PMP-020
F-PMP-020,ACTIVE,F-PMP-020,TP-PMP-109
F-PMP-021,ACTIVE,F-PMP-021,TP-PMP-011
F-PMP-021,ACTIVE,F-PMP-021,TP-PMP-108
F-PMP-021,ACTIVE,F-PMP-021,TP-REG-017
F-PMP-022,ACTIVE,F-PMP-022,TP-PMP-012
F-PMP-023,ACTIVE,F-PMP-023,TP-PMP-022
F-PMP-023,ACTIVE,F-PMP-023,TP-PMP-108
F-PMP-023,ACTIVE,F-PMP-023,TP-REG-017
F-PMP-023,ACTIVE,F-PMP-023,TP-REG-028
F-PMP-024,ACTIVE,F-PMP-024,TP-PMP-023
F-PMP-024,ACTIVE,F-PMP-024,TP-PMP-108
F-PMP-024,ACTIVE,F-PMP-024,TP-REG-028
F-PMP-025,ACTIVE,F-PMP-025,TP-PMP-024
F-PMP-025,ACTIVE,F-PMP-025,TP-PMP-108
F-PMP-026,ACTIVE,F-PMP-026,TP-PMP-025
F-PMP-026,ACTIVE,F-PMP-026,TP-PMP-108
F-PMP-027,ACTIVE,F-PMP-027,TP-PMP-026
F-PMP-027,ACTIVE,F-PMP-027,TP-PMP-108
F-PMP-027,ACTIVE,F-PMP-027,TP-PMP-112
F-PMP-028,ACTIVE,F-PMP-028,TP-PMP-021
F-PMP-028,ACTIVE,F-PMP-028,TP-PMP-109
F-PMP-028,ACTIVE,F-PMP-028,TP-PMP-112
F-PMP-029,ACTIVE,F-PMP-029,TP-PMP-027
F-PMP-029,ACTIVE,F-PMP-029,TP-PMP-109
F-PMP-030,ACTIVE,F-PMP-030,TP-PMP-028
F-PMP-030,ACTIVE,F-PMP-030,TP-PMP-109
F-PMP-031,FOLDED,F-PMP-029,TP-PMP-029
F-PMP-031,FOLDED,F-PMP-029,TP-PMP-109
F-PMP-032,FOLDED,F-PMP-029,TP-PMP-030
F-PMP-032,FOLDED,F-PMP-029,TP-PMP-109
F-PMP-033,ACTIVE,F-PMP-033,TP-PMP-031
F-PMP-033,ACTIVE,F-PMP-033,TP-PMP-109
F-PMP-034,ACTIVE,F-PMP-034,TP-PMP-032
F-PMP-035,ACTIVE,F-PMP-035,TP-PMP-033
F-PMP-036,ACTIVE,F-PMP-036,TP-PMP-034
F-PMP-037,ACTIVE,F-PMP-037,TP-PMP-035
F-PMP-038,ACTIVE,F-PMP-038,TP-PMP-036
F-PMP-039,FOLDED,F-PMP-002,TP-PMP-037
F-PMP-040,ACTIVE,F-PMP-040,TP-PMP-038
F-PMP-041,ACTIVE,F-PMP-041,TP-PMP-039
F-PMP-042,ACTIVE,F-PMP-042,TP-PMP-040
F-PMP-043,ACTIVE,F-PMP-043,TP-PMP-041
F-PMP-044,ACTIVE,F-PMP-044,TP-PMP-042
F-PMP-045,ACTIVE,F-PMP-045,TP-PMP-043
F-PMP-045,ACTIVE,F-PMP-045,TP-PMP-046
F-PMP-045,ACTIVE,F-PMP-045,TP-PMP-100
F-PMP-045,ACTIVE,F-PMP-045,TP-PMP-106
F-PMP-045,ACTIVE,F-PMP-045,TP-PMP-110
F-PMP-045,ACTIVE,F-PMP-045,TP-REG-017
F-PMP-046,FOLDED,F-PMP-045,TP-PMP-044
F-PMP-046,FOLDED,F-PMP-045,TP-PMP-100
F-PMP-046,FOLDED,F-PMP-045,TP-PMP-110
F-PMP-047,ACTIVE,F-PMP-047,TP-PMP-045
F-PMP-047,ACTIVE,F-PMP-047,TP-PMP-046
F-PMP-047,ACTIVE,F-PMP-047,TP-PMP-100
F-PMP-047,ACTIVE,F-PMP-047,TP-PMP-106
F-PMP-047,ACTIVE,F-PMP-047,TP-PMP-110
F-PMP-048,ACTIVE,F-PMP-048,TP-PMP-033
F-PMP-049,ACTIVE,F-PMP-049,TP-PMP-047
F-PMP-050,ACTIVE,F-PMP-050,TP-PMP-048
F-PMP-051,ACTIVE,F-PMP-051,TP-PMP-049
F-PMP-051,ACTIVE,F-PMP-051,TP-XIF-020
F-PMP-052,ACTIVE,F-PMP-052,TP-PMP-050
F-PMP-052,ACTIVE,F-PMP-052,TP-PMP-100
F-PMP-052,ACTIVE,F-PMP-052,TP-PMP-102
F-PMP-052,ACTIVE,F-PMP-052,TP-PMP-107
F-PMP-052,ACTIVE,F-PMP-052,TP-XIF-020
F-PMP-053,FOLDED,F-PMP-052,TP-PMP-051
F-PMP-053,FOLDED,F-PMP-052,TP-PMP-102
F-PMP-053,FOLDED,F-PMP-052,TP-PMP-107
F-PMP-053,FOLDED,F-PMP-052,TP-REG-017
F-PMP-053,FOLDED,F-PMP-052,TP-XIF-020
F-PMP-054,ACTIVE,F-PMP-054,TP-PMP-052
F-PMP-055,ACTIVE,F-PMP-055,TP-PMP-053
F-PMP-055,ACTIVE,F-PMP-055,TP-XIF-019
F-PMP-056,ACTIVE,F-PMP-056,TP-PMP-054
F-PMP-056,ACTIVE,F-PMP-056,TP-PMP-101
F-PMP-056,ACTIVE,F-PMP-056,TP-REG-017
F-PMP-057,FOLDED,F-PMP-056,TP-PMP-055
F-PMP-057,FOLDED,F-PMP-056,TP-PMP-101
F-PMP-058,FOLDED,F-PMP-056,TP-PMP-056
F-PMP-058,FOLDED,F-PMP-056,TP-PMP-101
F-PMP-059,FOLDED,F-PMP-056,TP-PMP-057
F-PMP-059,FOLDED,F-PMP-056,TP-PMP-101
F-PMP-060,FOLDED,F-PMP-056,TP-PMP-058
F-PMP-060,FOLDED,F-PMP-056,TP-PMP-101
F-PMP-061,FOLDED,F-PMP-056,TP-PMP-059
F-PMP-061,FOLDED,F-PMP-056,TP-PMP-101
F-PMP-062,FOLDED,F-PMP-056,TP-PMP-060
F-PMP-062,FOLDED,F-PMP-056,TP-PMP-101
F-PMP-063,ACTIVE,F-PMP-063,TP-PMP-061
F-PMP-063,ACTIVE,F-PMP-063,TP-PMP-101
F-PMP-064,FOLDED,F-PMP-056,TP-PMP-062
F-PMP-064,FOLDED,F-PMP-056,TP-PMP-101
F-PMP-065,ACTIVE,F-PMP-065,TP-PMP-063
F-PMP-065,ACTIVE,F-PMP-065,TP-XIF-019
F-PMP-066,ACTIVE,F-PMP-066,TP-PMP-064
F-PMP-066,ACTIVE,F-PMP-066,TP-PMP-077
F-PMP-066,ACTIVE,F-PMP-066,TP-PMP-091
F-PMP-066,ACTIVE,F-PMP-066,TP-XIF-019
F-PMP-067,ACTIVE,F-PMP-067,TP-PMP-065
F-PMP-067,ACTIVE,F-PMP-067,TP-PMP-066
F-PMP-068,ALIAS,F-EXC-005,TP-PMP-066
F-PMP-069,ACTIVE,F-PMP-069,TP-PMP-067
F-PMP-070,ACTIVE,F-PMP-070,TP-PMP-068
F-PMP-071,ACTIVE,F-PMP-071,TP-PMP-069
F-PMP-072,ACTIVE,F-PMP-072,TP-PMP-070
F-PMP-072,ACTIVE,F-PMP-072,TP-PMP-102
F-PMP-072,ACTIVE,F-PMP-072,TP-XIF-020
F-PMP-073,FOLDED,F-PMP-072,TP-PMP-071
F-PMP-074,ALIAS,F-PRV-007,TP-PMP-072
F-PMP-074,ALIAS,F-PRV-007,TP-PMP-102
F-PMP-075,ALIAS,F-PRV-015,TP-PMP-073
F-PMP-076,ALIAS,F-DBG-055,TP-PMP-074
F-PMP-077,ALIAS,F-CSR-024,TP-PMP-075
F-PMP-078,ACTIVE,F-PMP-078,TP-PMP-076
F-PMP-079,ALIAS,F-EXC-006,TP-PMP-077
F-PMP-079,ALIAS,F-EXC-006,TP-PMP-105
F-PMP-079,ALIAS,F-EXC-006,TP-XIF-019
F-PMP-080,FOLDED,F-PMP-078,TP-PMP-078
F-PMP-081,ACTIVE,F-PMP-081,TP-PMP-079
F-PMP-082,ACTIVE,F-PMP-082,TP-PMP-080
F-PMP-082,ACTIVE,F-PMP-082,TP-PMP-083
F-PMP-083,FOLDED,F-PMP-082,TP-PMP-081
F-PMP-084,FOLDED,F-PMP-082,TP-PMP-082
F-PMP-085,ALIAS,F-EXC-035,TP-PMP-083
F-PMP-086,ACTIVE,F-PMP-086,TP-PMP-084
F-PMP-086,ACTIVE,F-PMP-086,TP-PMP-103
F-PMP-086,ACTIVE,F-PMP-086,TP-XIF-010
F-PMP-087,ACTIVE,F-PMP-087,TP-PMP-085
F-PMP-087,ACTIVE,F-PMP-087,TP-PMP-103
F-PMP-087,ACTIVE,F-PMP-087,TP-XIF-010
F-PMP-088,ACTIVE,F-PMP-088,TP-PMP-086
F-PMP-088,ACTIVE,F-PMP-088,TP-PMP-103
F-PMP-088,ACTIVE,F-PMP-088,TP-XIF-010
F-PMP-089,ACTIVE,F-PMP-089,TP-PMP-087
F-PMP-089,ACTIVE,F-PMP-089,TP-PMP-103
F-PMP-090,FOLDED,F-PMP-086,TP-PMP-088
F-PMP-090,FOLDED,F-PMP-086,TP-PMP-103
F-PMP-091,ACTIVE,F-PMP-091,TP-PMP-089
F-PMP-091,ACTIVE,F-PMP-091,TP-PMP-103
F-PMP-092,ACTIVE,F-PMP-092,TP-PMP-090
F-PMP-092,ACTIVE,F-PMP-092,TP-PMP-091
F-PMP-092,ACTIVE,F-PMP-092,TP-PMP-100
F-PMP-092,ACTIVE,F-PMP-092,TP-PMP-111
F-PMP-092,ACTIVE,F-PMP-092,TP-XIF-010
F-PMP-092,ACTIVE,F-PMP-092,TP-XIF-019
F-PMP-093,ACTIVE,F-PMP-093,TP-PMP-092
F-PMP-093,ACTIVE,F-PMP-093,TP-PMP-105
F-PMP-093,ACTIVE,F-PMP-093,TP-XIF-019
F-PMP-094,ACTIVE,F-PMP-094,TP-PMP-093
F-PMP-094,ACTIVE,F-PMP-094,TP-PMP-105
F-PMP-094,ACTIVE,F-PMP-094,TP-XIF-021
F-PMP-095,ACTIVE,F-PMP-095,TP-PMP-094
F-PMP-095,ACTIVE,F-PMP-095,TP-PMP-099
F-PMP-095,ACTIVE,F-PMP-095,TP-PMP-104
F-PMP-096,FOLDED,F-PMP-095,TP-PMP-095
F-PMP-096,FOLDED,F-PMP-095,TP-PMP-099
F-PMP-096,FOLDED,F-PMP-095,TP-PMP-104
F-PMP-097,ACTIVE,F-PMP-097,TP-PMP-096
F-PMP-097,ACTIVE,F-PMP-097,TP-PMP-098
F-PMP-097,ACTIVE,F-PMP-097,TP-PMP-104
F-PMP-097,ACTIVE,F-PMP-097,TP-XIF-020
F-PMP-098,ACTIVE,F-PMP-098,TP-PMP-097
F-PMP-099,ALIAS,F-PRV-005,TP-PMP-098
F-PMP-099,ALIAS,F-PRV-005,TP-PMP-104
F-PMP-100,FOLDED,F-PMP-007,TP-PMP-020
F-PMP-100,FOLDED,F-PMP-007,TP-XIF-019
F-PRV-001,ACTIVE,F-PRV-001,TP-PRV-001
F-PRV-001,ACTIVE,F-PRV-001,TP-PRV-036
F-PRV-001,ACTIVE,F-PRV-001,TP-REG-016
F-PRV-001,ACTIVE,F-PRV-001,TP-REG-018
F-PRV-001,ACTIVE,F-PRV-001,TP-XIF-020
F-PRV-002,ACTIVE,F-PRV-002,TP-PRV-002
F-PRV-002,ACTIVE,F-PRV-002,TP-PRV-036
F-PRV-002,ACTIVE,F-PRV-002,TP-REG-016
F-PRV-003,FOLDED,F-PRV-002,TP-PRV-002
F-PRV-003,FOLDED,F-PRV-002,TP-REG-016
F-PRV-004,FOLDED,F-PRV-002,TP-PRV-003
F-PRV-005,ACTIVE,F-PRV-005,TP-PMP-098
F-PRV-005,ACTIVE,F-PRV-005,TP-PRV-004
F-PRV-006,ACTIVE,F-PRV-006,TP-CSR-094
F-PRV-006,ACTIVE,F-PRV-006,TP-PRV-005
F-PRV-006,ACTIVE,F-PRV-006,TP-PRV-036
F-PRV-006,ACTIVE,F-PRV-006,TP-REG-016
F-PRV-007,ACTIVE,F-PRV-007,TP-PMP-072
F-PRV-007,ACTIVE,F-PRV-007,TP-PRV-006
F-PRV-008,FOLDED,F-PRV-006,TP-PRV-007
F-PRV-008,FOLDED,F-PRV-006,TP-XIF-015
F-PRV-009,FOLDED,F-PRV-006,TP-PRV-008
F-PRV-010,ACTIVE,F-PRV-010,TP-PRV-009
F-PRV-011,ALIAS,F-IRQ-032,TP-PRV-010
F-PRV-012,ALIAS,F-IRQ-023,TP-PRV-011
F-PRV-012,ALIAS,F-IRQ-023,TP-XIF-015
F-PRV-013,ACTIVE,F-PRV-013,TP-PRV-012
F-PRV-013,ACTIVE,F-PRV-013,TP-PRV-035
F-PRV-013,ACTIVE,F-PRV-013,TP-XIF-019
F-PRV-013,ACTIVE,F-PRV-013,TP-XIF-020
F-PRV-014,FOLDED,F-PRV-013,TP-PRV-013
F-PRV-015,ACTIVE,F-PRV-015,TP-PMP-073
F-PRV-015,ACTIVE,F-PRV-015,TP-PRV-014
F-PRV-016,ACTIVE,F-PRV-016,TP-PRV-015
F-PRV-016,ACTIVE,F-PRV-016,TP-XIF-004
F-PRV-017,FOLDED,F-PRV-016,TP-PRV-016
F-PRV-017,FOLDED,F-PRV-016,TP-XIF-004
F-PRV-018,ALIAS,F-IRQ-045,TP-PRV-017
F-PRV-018,ALIAS,F-IRQ-045,TP-XIF-004
F-PRV-019,ALIAS,F-IRQ-045,TP-PRV-018
F-PRV-019,ALIAS,F-IRQ-045,TP-XIF-004
F-PRV-020,ALIAS,F-IRQ-045,TP-PRV-019
F-PRV-020,ALIAS,F-IRQ-045,TP-XIF-004
F-PRV-021,ALIAS,F-EXC-023,TP-PRV-020
F-PRV-022,ACTIVE,F-PRV-022,TP-PRV-021
F-PRV-023,ALIAS,F-IRQ-007,TP-PRV-022
F-PRV-023,ALIAS,F-IRQ-007,TP-PRV-036
F-PRV-023,ALIAS,F-IRQ-007,TP-PRV-037
F-PRV-023,ALIAS,F-IRQ-007,TP-XIF-020
F-PRV-024,ALIAS,F-IRQ-008,TP-PRV-023
F-PRV-024,ALIAS,F-IRQ-008,TP-PRV-037
F-PRV-024,ALIAS,F-IRQ-008,TP-XIF-020
F-PRV-025,ALIAS,F-DBG-032,TP-PRV-024
F-PRV-025,ALIAS,F-DBG-032,TP-PRV-038
F-PRV-026,FOLDED,F-DBG-012,TP-PRV-025
F-PRV-026,FOLDED,F-DBG-012,TP-PRV-038
F-PRV-027,ACTIVE,F-PRV-027,TP-PRV-026
F-PRV-027,ACTIVE,F-PRV-027,TP-PRV-038
F-PRV-028,ACTIVE,F-PRV-028,TP-PRV-027
F-PRV-029,ALIAS,F-IRQ-009,TP-PRV-028
F-PRV-029,ALIAS,F-IRQ-009,TP-PRV-037
F-PRV-030,ACTIVE,F-PRV-030,TP-PRV-029
F-PRV-031,ALIAS,F-IRQ-030,TP-PRV-030
F-PRV-031,ALIAS,F-IRQ-030,TP-XIF-020
F-PRV-032,FOLDED,F-PRV-002,TP-CSR-041
F-PRV-032,FOLDED,F-PRV-002,TP-PRV-002
F-PRV-032,FOLDED,F-PRV-002,TP-PRV-031
F-PRV-033,FOLDED,F-PRV-001,TP-PRV-001
F-PRV-033,FOLDED,F-PRV-001,TP-PRV-032
F-PRV-033,FOLDED,F-PRV-001,TP-XIF-020
F-PRV-034,FOLDED,F-CSR-014,TP-CSR-014
F-PRV-034,FOLDED,F-CSR-014,TP-CSR-117
F-PRV-034,FOLDED,F-CSR-014,TP-PRV-033
F-PRV-035,FOLDED,F-CSR-023,TP-CSR-023
F-PRV-035,FOLDED,F-CSR-023,TP-PRV-034
F-PRV-036,ACTIVE,F-PRV-036,TP-PRV-039
F-RST-001,ACTIVE,F-RST-001,TP-RST-001
F-RST-001,ACTIVE,F-RST-001,TP-RST-017
F-RST-001,ACTIVE,F-RST-001,TP-RST-019
F-RST-001,ACTIVE,F-RST-001,TP-RST-029
F-RST-001,ACTIVE,F-RST-001,TP-XIF-017
F-RST-002,ACTIVE,F-RST-002,TP-RST-002
F-RST-003,ACTIVE,F-RST-003,TP-RST-004
F-RST-004,ACTIVE,F-RST-004,TP-RST-003
F-RST-005,ALIAS,F-CSR-020,TP-RST-005
F-RST-006,ACTIVE,F-RST-006,TP-RST-006
F-RST-007,ACTIVE,F-RST-007,TP-RST-007
F-RST-008,ACTIVE,F-RST-008,TP-RST-008
F-RST-008,ACTIVE,F-RST-008,TP-XIF-017
F-RST-009,ACTIVE,F-RST-009,TP-RST-001
F-RST-009,ACTIVE,F-RST-009,TP-RST-029
F-RST-009,ACTIVE,F-RST-009,TP-XIF-017
F-RST-010,ACTIVE,F-RST-010,TP-REG-012
F-RST-010,ACTIVE,F-RST-010,TP-RST-009
F-RST-010,ACTIVE,F-RST-010,TP-RST-029
F-RST-010,ACTIVE,F-RST-010,TP-XIF-016
F-RST-011,FOLDED,F-RST-010,TP-RST-010
F-RST-011,FOLDED,F-RST-010,TP-XIF-016
F-RST-012,ACTIVE,F-RST-012,TP-RST-011
F-RST-012,ACTIVE,F-RST-012,TP-XIF-016
F-RST-013,ACTIVE,F-RST-013,TP-RST-012
F-RST-013,ACTIVE,F-RST-013,TP-XIF-016
F-RST-014,ACTIVE,F-RST-014,TP-REG-012
F-RST-014,ACTIVE,F-RST-014,TP-RST-013
F-RST-014,ACTIVE,F-RST-014,TP-XIF-016
F-RST-015,ACTIVE,F-RST-015,TP-RST-014
F-RST-015,ACTIVE,F-RST-015,TP-XIF-004
F-RST-015,ACTIVE,F-RST-015,TP-XIF-016
F-RST-016,ACTIVE,F-RST-016,TP-RST-015
F-RST-017,FOLDED,F-RST-016,TP-REG-023
F-RST-017,FOLDED,F-RST-016,TP-RST-016
F-RST-017,FOLDED,F-RST-016,TP-XIF-004
F-RST-018,ACTIVE,F-RST-018,TP-RST-017
F-RST-018,ACTIVE,F-RST-018,TP-RST-019
F-RST-018,ACTIVE,F-RST-018,TP-RST-029
F-RST-018,ACTIVE,F-RST-018,TP-XIF-017
F-RST-019,ACTIVE,F-RST-019,TP-RST-018
F-RST-019,ACTIVE,F-RST-019,TP-XIF-017
F-RST-020,ACTIVE,F-RST-020,TP-RST-020
F-RST-021,ACTIVE,F-RST-021,TP-RST-021
F-RST-022,ACTIVE,F-RST-022,TP-RST-022
F-RST-023,ACTIVE,F-RST-023,TP-RST-023
F-RST-024,ACTIVE,F-RST-024,TP-RST-024
F-RST-024,ACTIVE,F-RST-024,TP-RST-025
F-RST-024,ACTIVE,F-RST-024,TP-RST-026
F-RST-024,ACTIVE,F-RST-024,TP-XIF-017
F-RST-025,FOLDED,F-RST-003,TP-RST-004
F-RST-026,FOLDED,F-RVFI-003,TP-RST-027
F-RST-026,FOLDED,F-RVFI-003,TP-XIF-017
F-RST-027,ACTIVE,F-RST-027,TP-RST-028
F-RVFI-001,ACTIVE,F-RVFI-001,TP-RVFI-001
F-RVFI-002,ACTIVE,F-RVFI-002,TP-RVFI-002
F-RVFI-002,ACTIVE,F-RVFI-002,TP-RVFI-037
F-RVFI-003,ACTIVE,F-RVFI-003,TP-RVFI-003
F-RVFI-003,ACTIVE,F-RVFI-003,TP-RVFI-037
F-RVFI-004,ACTIVE,F-RVFI-004,TP-RVFI-004
F-RVFI-005,ACTIVE,F-RVFI-005,TP-RVFI-005
F-RVFI-006,ACTIVE,F-RVFI-006,TP-RVFI-006
F-RVFI-006,ACTIVE,F-RVFI-006,TP-RVFI-037
F-RVFI-007,ACTIVE,F-RVFI-007,TP-RVFI-007
F-RVFI-008,ACTIVE,F-RVFI-008,TP-RVFI-008
F-RVFI-008,ACTIVE,F-RVFI-008,TP-RVFI-009
F-RVFI-009,ACTIVE,F-RVFI-009,TP-RVFI-010
F-RVFI-009,ACTIVE,F-RVFI-009,TP-RVFI-037
F-RVFI-010,ACTIVE,F-RVFI-010,TP-RVFI-011
F-RVFI-010,ACTIVE,F-RVFI-010,TP-RVFI-012
F-RVFI-010,ACTIVE,F-RVFI-010,TP-RVFI-013
F-RVFI-011,ACTIVE,F-RVFI-011,TP-RVFI-014
F-RVFI-011,ACTIVE,F-RVFI-011,TP-RVFI-037
F-RVFI-012,ACTIVE,F-RVFI-012,TP-RVFI-015
F-RVFI-013,ACTIVE,F-RVFI-013,TP-RVFI-016
F-RVFI-014,ACTIVE,F-RVFI-014,TP-RVFI-017
F-RVFI-015,ACTIVE,F-RVFI-015,TP-RVFI-018
F-RVFI-015,ACTIVE,F-RVFI-015,TP-RVFI-039
F-RVFI-016,ACTIVE,F-RVFI-016,TP-RVFI-019
F-RVFI-016,ACTIVE,F-RVFI-016,TP-RVFI-037
F-RVFI-017,ACTIVE,F-RVFI-017,TP-RVFI-020
F-RVFI-018,ACTIVE,F-RVFI-018,TP-RVFI-021
F-RVFI-019,ACTIVE,F-RVFI-019,TP-RVFI-022
F-RVFI-020,ACTIVE,F-RVFI-020,TP-RVFI-023
F-RVFI-021,ACTIVE,F-RVFI-021,TP-RVFI-024
F-RVFI-021,ACTIVE,F-RVFI-021,TP-RVFI-040
F-RVFI-022,ACTIVE,F-RVFI-022,TP-RVFI-025
F-RVFI-022,ACTIVE,F-RVFI-022,TP-XIF-011
F-RVFI-023,ACTIVE,F-RVFI-023,TP-RVFI-026
F-RVFI-023,ACTIVE,F-RVFI-023,TP-XIF-013
F-RVFI-024,FOLDED,F-DIT-016,TP-DIT-017
F-RVFI-024,FOLDED,F-DIT-016,TP-RVFI-027
F-RVFI-025,ACTIVE,F-RVFI-025,TP-RVFI-028
F-RVFI-026,ACTIVE,F-RVFI-026,TP-RVFI-029
F-RVFI-027,ACTIVE,F-RVFI-027,TP-RVFI-030
F-RVFI-027,ACTIVE,F-RVFI-027,TP-XIF-020
F-RVFI-028,ACTIVE,F-RVFI-028,TP-RVFI-031
F-RVFI-029,ALIAS,F-IRQ-016,TP-RVFI-032
F-RVFI-030,ACTIVE,F-RVFI-030,TP-RVFI-033
F-RVFI-031,ACTIVE,F-RVFI-031,TP-RVFI-034
F-RVFI-032,ACTIVE,F-RVFI-032,TP-RVFI-035
F-RVFI-033,FOLDED,F-RST-009,TP-RVFI-036
F-RVFI-033,FOLDED,F-RST-009,TP-XIF-017
F-RVFI-034,ACTIVE,F-RVFI-034,TP-RVFI-038
F-SEC-001,ACTIVE,F-SEC-001,TP-REG-013
F-SEC-001,ACTIVE,F-SEC-001,TP-SEC-001
F-SEC-001,ACTIVE,F-SEC-001,TP-SEC-002
F-SEC-001,ACTIVE,F-SEC-001,TP-SEC-039
F-SEC-001,ACTIVE,F-SEC-001,TP-XIF-022
F-SEC-002,ACTIVE,F-SEC-002,TP-SEC-003
F-SEC-002,ACTIVE,F-SEC-002,TP-SEC-039
F-SEC-003,ACTIVE,F-SEC-003,TP-SEC-007
F-SEC-003,ACTIVE,F-SEC-003,TP-SEC-008
F-SEC-003,ACTIVE,F-SEC-003,TP-SEC-039
F-SEC-003,ACTIVE,F-SEC-003,TP-SEC-040
F-SEC-004,ACTIVE,F-SEC-004,TP-SEC-013
F-SEC-005,FOLDED,F-SEC-004,TP-SEC-013
F-SEC-006,FOLDED,F-SEC-004,TP-SEC-013
F-SEC-007,ACTIVE,F-SEC-007,TP-SEC-003
F-SEC-007,ACTIVE,F-SEC-007,TP-SEC-004
F-SEC-008,FOLDED,F-SEC-007,TP-SEC-005
F-SEC-009,ACTIVE,F-SEC-009,TP-SEC-006
F-SEC-010,ACTIVE,F-SEC-010,TP-SEC-014
F-SEC-011,ACTIVE,F-SEC-011,TP-SEC-003
F-SEC-011,ACTIVE,F-SEC-011,TP-SEC-015
F-SEC-012,FOLDED,F-RST-010,TP-REG-012
F-SEC-012,FOLDED,F-RST-010,TP-SEC-016
F-SEC-012,FOLDED,F-RST-010,TP-XIF-016
F-SEC-013,ACTIVE,F-SEC-013,TP-SEC-017
F-SEC-014,ACTIVE,F-SEC-014,TP-SEC-018
F-SEC-015,ACTIVE,F-SEC-015,TP-SEC-008
F-SEC-015,ACTIVE,F-SEC-015,TP-SEC-040
F-SEC-015,ACTIVE,F-SEC-015,TP-XIF-003
F-SEC-016,FOLDED,F-SEC-003,TP-SEC-009
F-SEC-016,FOLDED,F-SEC-003,TP-XIF-003
F-SEC-017,ACTIVE,F-SEC-017,TP-REG-026
F-SEC-017,ACTIVE,F-SEC-017,TP-SEC-010
F-SEC-018,ACTIVE,F-SEC-018,TP-SEC-007
F-SEC-018,ACTIVE,F-SEC-018,TP-SEC-012
F-SEC-019,ACTIVE,F-SEC-019,TP-REG-026
F-SEC-019,ACTIVE,F-SEC-019,TP-SEC-011
F-SEC-020,ACTIVE,F-SEC-020,TP-REG-027
F-SEC-020,ACTIVE,F-SEC-020,TP-SEC-019
F-SEC-021,ALIAS,F-IC-011,TP-REG-014
F-SEC-021,ALIAS,F-IC-011,TP-SEC-020
F-SEC-021,ALIAS,F-IC-011,TP-XIF-018
F-SEC-022,ACTIVE,F-SEC-022,TP-SEC-021
F-SEC-022,ACTIVE,F-SEC-022,TP-SEC-022
F-SEC-023,FOLDED,F-SEC-022,TP-SEC-023
F-SEC-024,ALIAS,F-EXC-055,TP-SEC-024
F-SEC-024,ALIAS,F-EXC-055,TP-SEC-025
F-SEC-025,ACTIVE,F-SEC-025,TP-SEC-026
F-SEC-026,ACTIVE,F-SEC-026,TP-SEC-027
F-SEC-027,ACTIVE,F-SEC-027,TP-SEC-028
F-SEC-027,ACTIVE,F-SEC-027,TP-SEC-029
F-SEC-027,ACTIVE,F-SEC-027,TP-SEC-030
F-SEC-028,ACTIVE,F-SEC-028,TP-SEC-029
F-SEC-029,ACTIVE,F-SEC-029,TP-SEC-031
F-SEC-030,FOLDED,F-SEC-027,TP-SEC-032
F-SEC-031,ALIAS,F-CSR-085,TP-SEC-033
F-SEC-032,FOLDED,F-CSR-085,TP-SEC-033
F-SEC-033,ALIAS,F-IC-040,TP-SEC-034
F-SEC-034,ACTIVE,F-SEC-034,TP-SEC-002
F-SEC-034,ACTIVE,F-SEC-034,TP-SEC-035
F-SEC-034,ACTIVE,F-SEC-034,TP-SEC-039
F-SEC-035,ACTIVE,F-SEC-035,TP-SEC-036
F-SEC-035,ACTIVE,F-SEC-035,TP-XIF-017
F-SEC-036,ACTIVE,F-SEC-036,TP-SEC-037
F-SEC-037,ALIAS,F-CSR-019,TP-SEC-038
F-TRG-001,ACTIVE,F-TRG-001,TP-TRG-001
F-TRG-002,FOLDED,F-TRG-001,TP-TRG-002
F-TRG-003,ACTIVE,F-TRG-003,TP-TRG-003
F-TRG-004,ACTIVE,F-TRG-004,TP-TRG-004
F-TRG-005,ACTIVE,F-TRG-005,TP-TRG-005
F-TRG-006,ACTIVE,F-TRG-006,TP-TRG-006
F-TRG-007,ACTIVE,F-TRG-007,TP-TRG-007
F-TRG-008,ACTIVE,F-TRG-008,TP-TRG-008
F-TRG-009,ACTIVE,F-TRG-009,TP-TRG-009
F-TRG-010,ACTIVE,F-TRG-010,TP-TRG-010
F-TRG-010,ACTIVE,F-TRG-010,TP-TRG-030
F-TRG-010,ACTIVE,F-TRG-010,TP-TRG-032
F-TRG-011,FOLDED,F-TRG-010,TP-TRG-011
F-TRG-011,FOLDED,F-TRG-010,TP-TRG-032
F-TRG-012,FOLDED,F-TRG-010,TP-TRG-012
F-TRG-012,FOLDED,F-TRG-010,TP-XIF-020
F-TRG-013,FOLDED,F-TRG-010,TP-TRG-013
F-TRG-013,FOLDED,F-TRG-010,TP-XIF-020
F-TRG-014,FOLDED,F-TRG-010,TP-TRG-014
F-TRG-015,ACTIVE,F-TRG-015,TP-TRG-015
F-TRG-016,FOLDED,F-DBG-031,TP-TRG-016
F-TRG-017,ACTIVE,F-TRG-017,TP-TRG-017
F-TRG-018,ACTIVE,F-TRG-018,TP-TRG-018
F-TRG-019,ACTIVE,F-TRG-019,TP-TRG-019
F-TRG-020,ACTIVE,F-TRG-020,TP-TRG-020
F-TRG-021,ACTIVE,F-TRG-021,TP-TRG-021
F-TRG-021,ACTIVE,F-TRG-021,TP-TRG-030
F-TRG-022,FOLDED,F-TRG-010,TP-TRG-022
F-TRG-023,ACTIVE,F-TRG-023,TP-TRG-023
F-TRG-023,ACTIVE,F-TRG-023,TP-XIF-012
F-TRG-024,ACTIVE,F-TRG-024,TP-TRG-024
F-TRG-025,FOLDED,F-DBG-001,TP-TRG-025
F-TRG-026,FOLDED,F-TRG-010,TP-TRG-026
F-TRG-026,FOLDED,F-TRG-010,TP-XIF-021
F-TRG-027,ACTIVE,F-TRG-027,TP-TRG-027
F-TRG-028,FOLDED,F-TRG-003,TP-TRG-028
F-TRG-029,ACTIVE,F-TRG-029,TP-TRG-029
F-TRG-030,FOLDED,F-TRG-010,TP-TRG-010
F-TRG-030,FOLDED,F-TRG-010,TP-TRG-030
F-TRG-030,FOLDED,F-TRG-010,TP-TRG-031
F-TRG-030,FOLDED,F-TRG-010,TP-TRG-032
